,Player,Team,Position,GP,TOI,TOI/GP,Goals/60,Total Assists/60,First Assists/60,Second Assists/60,Total Points/60,IPP,Shots/60,SH%,ixG/60,iCF/60,iFF/60,iSCF/60,iHDCF/60,Rush Attempts/60,Rebounds Created/60,PIM/60,Total Penalties/60,Minor/60,Major/60,Misconduct/60,Penalties Drawn/60,Giveaways/60,Takeaways/60,Hits/60,Hits Taken/60,Shots Blocked/60,Faceoffs Won/60,Faceoffs Lost/60
148,Nikita Kucherov,T.B,R,15,314.55,20.97,0.76,4.96,3.81,1.14,5.72,90.91,8.97,8.51,1.22,18.12,14.12,8.58,2.29,0,1.72,0,0,0,0,0,0.76,2.48,2.29,1.34,3.05,1.34,0,0
335,Connor McDavid,EDM,C,11,221.0333333,20.09393939,1.63,3.8,2.17,1.63,5.43,83.33,11.13,14.63,1.21,15.47,13.84,8.96,4.61,0.81,1.36,0,0,0,0,0,1.09,4.34,2.17,4.34,5.43,1.36,15.74,15.47
228,Jake Guentzel,CAR,"C, L",14,244.35,17.45357143,1.96,3.44,2.21,1.23,5.4,73.33,10.8,18.18,2.17,20.38,15.72,14.98,7.37,0.25,4.17,1.47,0.74,0.74,0,0,1.23,0.74,2.21,1.47,4.17,0.98,0.25,0.98
188,Filip Forsberg,NSH,L,15,281.0333333,18.73555556,2.99,2.35,0.85,1.49,5.34,83.33,15.8,18.92,2.06,29.25,21.99,13.45,6.83,0.64,3.84,1.49,0.43,0.21,0.21,0,1.92,2.78,3.63,3.63,1.92,2.13,0,0.43
379,Artemi Panarin,NYR,L,15,305.8666667,20.39111111,2.16,3.14,1.37,1.77,5.3,84.38,12.55,17.19,1.27,27.86,17.65,12.36,2.35,0.2,2.16,0.39,0.2,0.2,0,0,0.39,3.14,0.78,0.39,1.57,0.2,0,0
11,Sidney Crosby,PIT,C,15,300.2833333,20.01888889,1.8,3.4,2.6,0.8,5.2,81.25,8.59,20.93,1.43,17.18,13.39,9.99,4.2,0.2,2.8,1.6,0.8,0.8,0,0,1.2,1.6,4,4,2.2,1,39.16,29.57
47,Steven Stamkos,NSH,C,15,263.5833333,17.57222222,2.96,1.82,0.23,1.59,4.78,77.78,14.8,20,1.56,26.86,20.03,12.29,3.41,0.46,1.14,1.82,0.91,0.91,0,0,1.14,2.28,1.37,3.64,2.96,2.28,18.67,9.11
402,Auston Matthews,TOR,C,15,305.3333333,20.35555556,2.75,1.77,0.98,0.79,4.52,67.65,17.49,15.73,2.25,30.85,23.78,18.08,7.86,0.59,3.54,3.14,0.79,0.59,0,0.2,0.39,1.77,2.95,2.95,2.95,3.34,22.4,20.04
250,Nathan MacKinnon,COL,C,15,341,22.73333333,1.58,2.82,2.29,0.53,4.4,78.13,14.25,11.11,0.98,20.94,16.54,9.85,3.7,0.88,1.06,1.41,0.7,0.7,0,0,0.7,2.29,1.76,1.06,2.64,2.46,19,24.99
30,Jamie Benn,DAL,L,15,233.4166667,15.56111111,2.57,1.8,1.29,0.51,4.37,70.83,9.51,27.03,1.77,17.99,15.17,11.05,6.94,0.77,0.77,0,0,0,0,0,1.29,2.57,2.06,5.91,3.6,3.08,17.48,13.37
673,Cole Perfetti,WPG,C,8,99.21666667,12.40208333,3.02,1.21,1.21,0,4.23,63.64,8.47,35.71,1.1,13.3,12.7,5.44,2.42,2.42,0.6,1.21,0.6,0.6,0,0,0,1.81,1.21,1.21,8.47,0.6,0,0
295,Adrian Kempe,L.A,R,15,292.1,19.47333333,1.44,2.67,1.23,1.44,4.11,86.96,8.83,16.28,0.69,17.46,11.5,8.42,2.05,0.62,1.44,4.11,1.23,1.03,0,0.21,1.03,0.82,1.03,3.49,3.9,1.44,0.21,0.62
61,Gustav Nyquist,NSH,C,14,253.8666667,18.13333333,1.18,2.84,1.89,0.95,4.02,70.83,6.38,18.52,0.85,10.16,7.8,6.38,3.55,0.71,1.89,0,0,0,0,0,0,1.89,2.36,1.42,3.55,0.71,0.47,0.95
695,Josh Doan,ARI,R,11,135.4,12.30909091,2.22,1.77,0.89,0.89,3.99,81.82,10.19,21.74,1.69,16.4,13.74,13.74,9.75,0.89,1.33,0,0,0,0,0,0.89,0.44,3.99,3.1,6.65,3.1,2.22,3.1
748,Andrei Kuzmenko,CGY,L,15,257.2333333,17.14888889,2.1,1.87,0.93,0.93,3.97,70.83,8.4,25,1.13,16.33,12.13,11.2,6.53,0.23,3.03,0.47,0.23,0.23,0,0,0.7,0.93,1.87,0.93,3.27,0.47,0,0
430,Tage Thompson,BUF,C,15,273.7,18.24666667,2.19,1.75,1.1,0.66,3.95,72,10.08,21.74,1.08,20.61,13.37,8.77,2.19,0.88,0.88,3.29,0.44,0,0.22,0.22,1.1,0.66,0.66,4.82,3.51,1.75,22.58,34.86
544,Akil Thomas,L.A,C,7,61.1,8.728571429,2.95,0.98,0,0.98,3.93,100,8.84,33.33,0.74,15.71,11.78,8.84,2.95,2.95,0.98,1.96,0.98,0.98,0,0,3.93,0,1.96,7.86,10.8,2.95,3.93,5.89
345,Sebastian Aho,CAR,C,14,278.65,19.90357143,1.94,1.94,1.72,0.22,3.88,64.29,7.97,24.32,1.11,15.29,11.84,7.75,2.58,0.22,0.86,1.72,0.65,0.65,0,0,1.29,3.01,2.58,1.94,2.8,1.08,24.55,21.1
407,Clayton Keller,ARI,R,15,295.8833333,19.72555556,1.42,2.43,1.42,1.01,3.85,82.61,8.52,16.67,1.12,16.22,12.57,8.92,2.64,0.2,1.01,1.22,0.61,0.61,0,0,0.81,2.23,1.83,0.61,5.48,0.61,0.81,0.2
315,Max Willman,N.J,C,5,31.38333333,6.276666667,3.82,0,0,0,3.82,100,5.74,66.67,0.53,7.65,5.74,3.82,1.91,0,0,0,0,0,0,0,0,1.91,1.91,13.38,19.12,5.74,1.91,1.91
645,Dylan Holloway,EDM,L,6,78.6,13.1,2.29,1.53,0,1.53,3.82,71.43,10.69,21.43,0.91,15.27,13.74,6.87,3.82,1.53,0,0,0,0,0,0,0.76,0,0,19.08,4.58,2.29,0.76,0
741,Shane Wright,SEA,C,5,78.9,15.78,3.04,0.76,0.76,0,3.8,83.33,8.37,36.36,1.75,19.01,14.45,12.17,5.32,0,1.52,0,0,0,0,0,1.52,3.8,2.28,0,3.8,2.28,25.1,28.14
423,Jordan Kyrou,STL,C,15,268.4833333,17.89888889,2.23,1.56,1.12,0.45,3.8,85,10.5,21.28,1,19,15.64,9.83,2.01,0.22,0.67,0.45,0.22,0.22,0,0,0.67,2.23,2.23,0.45,3.13,0.67,0.22,0.22
388,Kirill Kaprizov,MIN,L,15,350.0333333,23.33555556,2.06,1.71,1.37,0.34,3.77,78.57,11.14,18.46,1.27,22.46,15.6,10.46,4.63,0.17,2.91,1.37,0.69,0.69,0,0,1.03,2.4,1.54,1.71,1.37,0.86,0,0
314,Michael Bunting,PIT,L,15,254.6333333,16.97555556,0.94,2.83,1.65,1.18,3.77,72.73,8.25,11.43,1.18,15.08,11.31,9.19,4.71,0.24,1.89,0,0,0,0,0,0.94,0.71,2.59,3.3,2.59,0.94,0.24,0
305,Brayden Point,T.B,C,14,271.6333333,19.40238095,2.21,1.55,1.1,0.44,3.76,73.91,9.28,23.81,1.3,19,13.03,15.68,7.95,0,3.09,0.44,0.22,0.22,0,0,0.44,0.88,1.33,0.44,2.87,1.55,14.58,18.33
702,Dylan Guenther,ARI,R,15,258.1,17.20666667,2.09,1.63,0.46,1.16,3.72,72.73,11.62,18,1.08,19.53,15.34,10.23,3.02,0.46,0.93,0.93,0.46,0.46,0,0,0.7,0.7,2.56,1.63,3.02,1.86,0.7,3.95
656,Alexis Lafrenière,NYR,L,15,258.9,17.26,2.32,1.39,0.93,0.46,3.71,76.19,10.2,22.73,1.02,16.92,13.44,9.5,3.71,0,1.85,2.78,0.46,0.23,0,0.23,0.46,1.16,0.93,2.32,4.4,1.16,0.46,1.62
368,Mitch Marner,TOR,R,7,145.6666667,20.80952381,0.41,3.3,2.06,1.24,3.71,81.82,5.35,7.69,0.7,16.89,8.24,9.06,2.47,0.41,2.47,0.82,0.41,0.41,0,0,0.41,2.47,4.53,2.47,4.12,2.06,0.82,0.82
386,Conor Garland,VAN,R,15,247.4833333,16.49888889,1.7,1.94,0.97,0.97,3.64,68.18,12.36,13.73,1.4,19.15,15.27,11.39,6.06,0.73,1.94,3.88,0.97,0.73,0,0.24,1.7,0.97,1.45,3.39,5.09,1.45,0,0.48
158,J.T. Miller,VAN,C,14,265.8,18.98571429,0.9,2.71,1.13,1.58,3.61,84.21,9.03,10,1.21,17.38,14.22,10.61,4.74,1.13,1.58,2.48,0.9,0.68,0.23,0,1.13,1.81,1.35,8.35,3.39,2.48,35.21,21.44
429,Jesper Bratt,N.J,L,15,303.0333333,20.20222222,0.99,2.57,1.98,0.59,3.56,64.29,7.92,12.5,1.14,15.44,12.47,10.3,3.96,1.58,1.78,0.79,0.4,0.4,0,0,0.59,1.19,0.4,2.57,1.98,0.99,0,0.2
646,Lucas Raymond,DET,L,15,289.25,19.28333333,2.28,1.24,0.83,0.41,3.53,68,8.09,28.21,0.89,12.45,10.16,7.26,4.36,0.83,0.62,1.24,0.62,0.62,0,0,0.41,0.62,2.9,2.07,7.88,1.45,0.21,0.21
9,Evgeni Malkin,PIT,C,15,272.1,18.14,1.76,1.76,1.54,0.22,3.53,66.67,8.38,21.05,0.87,14.11,11.25,8.82,3.31,0,1.98,3.53,1.76,1.76,0,0,0.66,0.88,5.07,1.54,4.41,1.98,16.98,19.63
259,Max Domi,TOR,C,13,207.1666667,15.93589744,0.29,3.19,2.61,0.58,3.48,54.55,6.66,4.35,0.58,14.19,9.27,6.95,2.32,0.87,0.58,7.53,1.74,0.87,0.58,0.29,0.87,2.32,1.16,0.87,4.05,0.58,2.61,3.19
252,Jonathan Drouin,COL,L,15,315.45,21.03,1.33,2.09,0.95,1.14,3.42,54.55,6.28,21.21,0.63,12.17,9.13,8.75,4.18,0.38,0.57,0.38,0.19,0.19,0,0,0.95,0.57,2.28,0.76,3.8,1.52,3.61,2.28
288,Alex Tuch,BUF,R,15,315.4666667,21.03111111,0.76,2.66,0.95,1.71,3.42,72,7.23,10.53,0.73,13.5,9.51,6.85,2.47,1.52,0.76,3.8,1.14,0.95,0,0.19,0.38,0.95,3.61,3.04,2.28,3.61,3.04,4.56
76,Nazem Kadri,CGY,C,15,281.3666667,18.75777778,1.28,2.13,1.49,0.64,3.41,66.67,12.37,10.34,1.34,23.03,17.91,12.58,4.9,0.43,2.77,0.85,0.21,0.21,0,0,1.49,2.77,1.92,0.85,5.33,0.43,27.51,24.95
251,Aleksander Barkov,FLA,C,12,246.15,20.5125,1.22,2.19,1.95,0.24,3.41,73.68,7.07,17.24,1,14.63,10.24,7.8,3.66,0.49,2.93,0.98,0.49,0.49,0,0,0.49,0.98,2.93,3.9,4.88,0.98,28.03,21.69
279,Leon Draisaitl,EDM,C,14,282.1166667,20.15119048,1.28,2.13,1.28,0.85,3.4,64,6.17,20.69,0.95,14.04,10.63,7.87,2.98,0.64,1.06,2.13,1.06,1.06,0,0,0.43,3.83,1.49,2.98,5.74,0.85,28.07,24.03
529,Brady Tkachuk,OTT,L,15,299.9166667,19.99444444,1.2,2.2,1.4,0.8,3.4,73.91,13,9.23,1.83,21.61,17.6,13,6,0.8,3.2,2.4,1.2,1.2,0,0,1.4,2,1.4,13.6,4.4,0.8,9.4,10.8
336,Jack Eichel,VGK,C,15,301.5166667,20.10111111,1.99,1.39,0.99,0.4,3.38,77.27,14.73,13.51,1.25,20.5,17.11,10.75,2.79,0.6,1.79,3.38,0.6,0.2,0.2,0.2,0.4,1.59,1.99,0.99,4.58,2.59,17.71,18.9
147,William Karlsson,VGK,C,15,248.5166667,16.56777778,1.45,1.93,1.21,0.72,3.38,77.78,7.24,20,0.78,13.28,10.14,6.04,2.9,0.48,1.21,0.48,0.24,0.24,0,0,1.21,1.69,0.72,3.62,5.07,1.45,26.56,17.87
651,Seth Jarvis,CAR,C,14,269,19.21428571,2.45,0.89,0.45,0.45,3.35,51.72,7.36,33.33,1.21,12.49,10.48,9.59,4.46,1.12,0.89,0.45,0.22,0.22,0,0,0.89,2.01,1.12,2.68,7.14,1.56,4.68,6.69
708,Wyatt Johnston,DAL,C,15,253.4166667,16.89444444,1.89,1.42,0.71,0.71,3.31,70,10.65,17.78,1.37,20.12,14.68,12.55,4.74,0.24,1.89,2.37,1.18,1.18,0,0,1.42,1.66,2.84,2.84,6.63,2.13,13.5,13.73
334,Pavel Zacha,BOS,C,15,272.8333333,18.18888889,0.88,2.42,0.88,1.54,3.3,78.95,5.94,14.81,0.83,10.56,8.58,7.04,4.18,0,0.44,0.44,0.22,0.22,0,0,0.66,1.98,1.76,5.72,2.64,1.76,27.05,20.45
128,Brendan Gallagher,MTL,R,15,200.6166667,13.37444444,1.5,1.79,1.5,0.3,3.29,84.62,7.18,20.83,1.33,14.65,11.36,10.47,5.98,0.6,1.5,5.08,0.9,0.3,0.3,0.3,1.2,0.6,2.39,4.49,3.89,1.5,0.6,1.5
230,Anthony Duclair,T.B,L,14,201.1166667,14.36547619,1.79,1.49,0.3,1.19,3.28,73.33,7.16,25,0.99,11.93,9.85,8.65,5.07,0.3,0.3,1.19,0.6,0.6,0,0,0.6,0.9,0.9,3.58,5.67,1.79,1.19,2.39
278,Sam Reinhart,FLA,C,15,311.9,20.79333333,2.12,1.15,0.96,0.19,3.27,70.83,10.2,20.75,1.71,16.74,13.66,10.97,6.73,0.77,1.73,1.54,0.58,0.58,0,0,0.96,2.5,1.92,4.81,7.12,1.73,6.16,8.27
728,Logan Cooley,ARI,C,15,238.8833333,15.92555556,2.01,1.26,0.75,0.5,3.27,76.47,7.54,26.67,0.92,12.31,10.05,5.27,2.01,0.5,1,0,0,0,0,0,0.75,2.76,1.76,1,6.28,0.75,12.81,26.62
294,David Pastrnak,BOS,R,15,294.8833333,19.65888889,1.22,2.03,1.22,0.81,3.26,72.73,11.6,10.53,1.17,21.97,16.89,10.38,3.05,1.22,1.63,0.41,0.2,0.2,0,0,1.63,5.09,1.83,3.05,5.29,0.2,0.61,0.61
340,Timo Meier,N.J,R,15,295.6,19.70666667,1.83,1.42,0.61,0.81,3.25,72.73,10.15,18,1.09,19.69,14.82,10.55,3.65,0.61,1.22,5.07,1.42,1.01,0.2,0.2,0.61,1.22,1.62,5.07,4.26,2.44,0.81,1.42
70,John Tavares,TOR,C,15,258.8333333,17.25555556,1.62,1.62,0.93,0.7,3.25,73.68,11.59,14,1.47,18.31,14.84,12.98,7.65,0.23,2.32,2.32,1.16,1.16,0,0,1.39,1.85,1.16,8.58,6.03,0.93,33.84,27.12
290,Nick Schmaltz,ARI,C,15,297.05,19.80333333,0.61,2.63,1.41,1.21,3.23,64,4.85,12.5,0.6,12.32,9.29,6.67,1.21,0.2,1.21,0,0,0,0,0,0.2,1.62,2.02,0.4,2.63,1.01,3.84,9.49
285,Dylan Larkin,DET,C,13,279.45,21.49615385,1.5,1.72,1.07,0.64,3.22,71.43,11.81,12.73,1.22,19.75,16.1,11.59,3.86,0.43,1.93,0,0,0,0,0,0.64,1.07,2.58,2.58,2.15,2.36,36.07,26.41
399,Matthew Tkachuk,FLA,L,14,261.0333333,18.6452381,1.15,2.07,0.69,1.38,3.22,82.35,11.49,10,1.53,20.69,16.32,12.41,8.04,0.23,3.45,2.76,1.38,1.38,0,0,2.07,4.14,1.61,8.04,4.14,0.69,0,0.23
284,Kevin Fiala,L.A,L,15,280.3833333,18.69222222,1.5,1.71,0.21,1.5,3.21,71.43,7.92,18.92,0.73,15.41,11.13,7.7,1.07,0,0.86,1.28,0.64,0.64,0,0,0.21,2.35,0.86,2.78,2.78,1.28,0.43,1.07
283,Nikolaj Ehlers,WPG,L,15,224.3666667,14.95777778,1.34,1.87,1.34,0.53,3.21,85.71,11.5,11.63,1.1,23.8,17.38,10.43,4.28,0.8,1.87,1.6,0.53,0.53,0,0,0.8,2.67,1.6,1.87,5.35,2.14,0.27,0.53
55,Roman Josi,NSH,D,15,376.8333333,25.12222222,1.27,1.91,1.11,0.8,3.18,57.14,8.6,14.81,0.53,18.63,11.94,7.01,1.43,0,1.75,1.27,0.64,0.64,0,0,0.48,1.75,1.91,0.96,3.82,5.41,0,0
13,Anze Kopitar,L.A,C,14,283.4,20.24285714,1.27,1.91,1.48,0.42,3.18,68.18,4.87,26.09,0.57,8.47,6.99,5.5,2.96,0,0.42,2.96,0.64,0.42,0,0.21,0.21,1.06,2.12,1.91,3.39,1.69,28.58,24.77
698,William Eklund,S.J,L,15,285.0666667,19.00444444,1.26,1.89,1.05,0.84,3.16,75,4.21,30,0.83,11.79,8.21,6.52,3.58,0.42,1.89,0,0,0,0,0,0.63,0.42,0.84,1.47,0.84,2.95,1.26,3.16
605,Matt Boldy,MIN,L,15,305.6666667,20.37777778,0.98,2.16,0.98,1.18,3.14,66.67,10.01,9.8,1.23,21.79,15.11,13.35,4.32,0.39,2.55,1.18,0.59,0.59,0,0,0.79,1.57,3.34,1.37,3.53,1.77,2.16,2.16
311,Viktor Arvidsson,EDM,R,14,249.5166667,17.82261905,1.44,1.68,0.96,0.72,3.13,59.09,11.3,12.77,1.3,19,15.87,8.9,3.37,0.24,1.68,2.4,1.2,1.2,0,0,1.2,0.48,1.68,1.68,5.77,3.37,0.24,0.96
153,Mika Zibanejad,NYR,C,15,288.7666667,19.25111111,1.04,2.08,0.83,1.25,3.12,68.18,11.22,9.26,1.24,19.53,16,9.14,3.53,0.83,1.25,0,0,0,0,0,0.42,2.29,1.25,2.08,2.7,0.83,22.23,23.48
226,Hudson Fasching,NYI,R,9,115.2666667,12.80740741,0.52,2.6,1.56,1.04,3.12,75,5.21,10,0.55,9.37,6.25,5.73,3.12,0.52,1.56,0,0,0,0,0,0.52,0.52,1.04,1.04,3.64,4.68,0,0
67,Kyle Palmieri,NYI,C,15,270.8,18.05333333,1.99,1.11,0.44,0.66,3.1,87.5,11.08,18,1.86,20.38,15.95,12.41,5.1,0.66,1.99,0.44,0.22,0.22,0,0,0.66,1.55,1.11,3.1,4.43,1.99,0.22,0.44
331,Kyle Connor,WPG,L,14,271.1666667,19.36904762,1.11,1.99,1.33,0.66,3.1,77.78,9.74,11.36,0.85,17.48,12.17,7.74,3.32,0.66,1.55,0.89,0.44,0.44,0,0,0.22,1.33,1.55,0.22,2.66,0.66,0,0
469,Nico Hischier,N.J,C,15,310.85,20.72333333,1.16,1.93,0.97,0.97,3.09,64,6.76,17.14,0.91,12.74,10.23,8.69,4.25,0.77,0.77,0.39,0.19,0.19,0,0,1.16,0.77,2.7,1.54,2.9,1.74,35.9,26.83
125,Bryan Rust,PIT,R,15,312.4,20.82666667,1.54,1.54,0.96,0.58,3.07,57.14,9.41,16.33,1.32,16.52,14.02,10.18,5.57,0.58,2.3,0.38,0.19,0.19,0,0,0.77,1.15,1.34,0.77,3.27,3.46,0.19,0.58
648,Kaiden Guhle,MTL,D,7,137.1833333,19.59761905,0.87,2.19,0.44,1.75,3.06,63.64,3.5,25,0.27,6.56,5.25,2.62,0.87,0.44,1.31,0.87,0.44,0.44,0,0,0,0.87,0.87,5.69,6.56,5.25,0,0
518,Trey Fix-Wolansky,CBJ,R,6,58.98333333,9.830555556,2.03,1.02,1.02,0,3.05,50,9.16,22.22,1.34,22.38,14.24,11.19,4.07,1.02,6.1,2.03,1.02,1.02,0,0,0,1.02,1.02,1.02,4.07,2.03,0,0
507,Drake Batherson,OTT,R,15,296.1333333,19.74222222,1.01,2.03,1.62,0.41,3.04,68.18,8.1,12.5,0.9,17.02,13.17,9.32,3.65,1.01,1.42,0.81,0.41,0.41,0,0,0.41,1.82,2.84,3.24,3.04,0,0.2,0.2
445,Justin Brazeau,BOS,R,9,99.71666667,11.07962963,2.41,0.6,0,0.6,3.01,71.43,10.83,22.22,1.5,15.64,14.44,9.63,8.42,1.81,1.81,0,0,0,0,0,1.2,0.6,0.6,12.64,6.62,3.61,0,0
634,Matias Maccelli,ARI,L,15,219.1,14.60666667,1.64,1.37,0.55,0.82,3.01,64.71,8.22,20,0.93,14.24,10.95,6.57,2.74,0.82,0.82,0.55,0.27,0.27,0,0,0.55,1.92,1.64,1.1,4.11,0,1.1,0.82
476,Owen Tippett,PHI,R,15,259.8166667,17.32111111,0.92,2.08,1.39,0.69,3,65,10.62,8.7,0.91,22.4,14.55,9.24,3.93,1.39,1.62,0.92,0.46,0.46,0,0,0.46,0.92,2.08,5.31,3.69,3,0.23,0.46
403,Adam Fox,NYR,D,15,362.4666667,24.16444444,0.83,2.15,0.99,1.16,2.98,56.25,6.12,13.51,0.51,14.4,8.61,5.13,1.32,0.5,0.66,1.66,0.83,0.83,0,0,0.5,1.66,2.32,1.32,3.81,4.8,0,0
123,Mikael Granlund,S.J,C,15,322.15,21.47666667,0.56,2.42,1.12,1.3,2.98,80,5.21,10.71,0.52,8.94,6.7,5.4,1.86,0.19,0.56,1.12,0.56,0.56,0,0,0.37,0.74,2.23,1.49,4.1,1.3,20.49,24.58
342,Mikko Rantanen,COL,R,13,283.4666667,21.80512821,1.69,1.27,0.63,0.63,2.96,60.87,9.74,17.39,1.15,18.41,14.82,11.01,3.81,0.42,1.48,1.27,0.63,0.63,0,0,0.63,1.48,1.69,1.48,4.87,1.69,10.16,7.41
74,Brayden Schenn,STL,C,15,285.0833333,19.00555556,1.26,1.68,0.84,0.84,2.95,58.33,8.63,14.63,1.05,15.36,12,8.84,3.58,0.63,1.68,2.74,1.05,0.84,0.21,0,0.84,0.84,1.26,4.84,3.37,1.47,14.31,9.47
113,Vladimir Tarasenko,FLA,R,15,224.55,14.97,1.07,1.87,1.07,0.8,2.94,73.33,9.08,11.76,0.82,18.17,13.09,6.15,2.67,0.27,2.4,0,0,0,0,0,0.53,2.67,0.27,6.15,4.81,1.6,0,0
527,Philipp Kurashev,CHI,C,15,286.15,19.07666667,1.05,1.89,1.47,0.42,2.94,100,3.77,27.78,0.59,9.02,6.29,5.24,2.52,0.21,1.05,1.26,0.63,0.63,0,0,0.21,1.05,0.84,1.68,4.61,2.1,2.52,2.31
37,David Perron,DET,L,15,265.1333333,17.67555556,0.91,2.04,1.58,0.45,2.94,86.67,7.92,11.43,0.98,14.94,11.32,8.15,3.39,0.68,0.68,1.81,0.91,0.91,0,0,0.45,0.23,1.81,5.43,3.85,1.36,0.45,1.13
481,Jason Robertson,DAL,L,15,267.65,17.84333333,1.35,1.57,0.45,1.12,2.91,68.42,9.42,14.29,1.1,19.05,14.35,9.19,3.36,0.67,1.12,0.45,0.22,0.22,0,0,0.67,1.79,3.36,4.93,5.83,0.67,0,0
740,Juraj Slafkovsky,MTL,L,15,288.2166667,19.21444444,1.25,1.67,1.25,0.42,2.91,63.64,8.33,15,1.09,13.95,11.03,8.33,4.37,0,1.87,2.91,1.46,1.46,0,0,0.62,2.5,1.87,6.87,6.66,2.5,0.21,0
38,Patrick Kane,DET,R,14,269.5166667,19.25119048,1.34,1.56,1.11,0.45,2.89,68.42,8.24,16.22,0.6,16.03,10.46,7.79,2.23,0,1.56,2.23,0.89,0.89,0,0,0.67,1.78,0.45,1.56,2.67,0.45,0,0
406,Alex DeBrincat,DET,R,15,269.45,17.96333333,0.89,2,1.56,0.45,2.89,65,12.02,7.41,1.21,22.27,16.92,10.91,3.12,0.45,2.23,0.45,0.22,0.22,0,0,1.56,2.67,3.79,4.23,3.79,1.11,0.45,0.45
265,Anthony Mantha,VGK,R,13,187.0333333,14.38717949,0.64,2.25,0.96,1.28,2.89,64.29,5.45,11.76,0.7,13.15,8.98,6.42,4.17,0.64,0.64,0.64,0.32,0.32,0,0,0.32,1.28,0,6.1,4.17,1.6,0.32,0.96
566,David Gustafsson,WPG,C,6,62.53333333,10.42222222,0.96,1.92,1.92,0,2.88,60,5.76,16.67,0.58,9.59,6.72,5.76,4.8,0.96,0.96,0,0,0,0,0,0.96,0,1.92,10.55,13.43,5.76,14.39,9.59
313,Danton Heinen,BOS,L,15,230.15,15.34333333,1.56,1.3,0.52,0.78,2.87,61.11,5.74,27.27,0.82,11.21,8.08,7.04,2.87,0.26,1.3,1.56,0.78,0.78,0,0,0.52,1.3,0.78,4.43,7.3,1.82,0,1.04
89,Craig Smith,DAL,C,14,147.4666667,10.53333333,1.63,1.22,0.41,0.81,2.85,77.78,8.54,19.05,0.69,16.27,14.24,8.14,2.03,1.22,1.22,3.25,1.63,1.63,0,0,0.41,1.63,1.22,5.29,4.48,2.44,0,0
232,Oliver Bjorkstrand,SEA,R,15,231.6,15.44,0.52,2.33,1.3,1.04,2.85,73.33,5.96,8.7,0.81,15.8,10.62,6.74,1.81,0,1.55,1.55,0.78,0.78,0,0,1.04,0.52,2.07,2.85,5.44,2.07,0,1.55
465,Cody Glass,NSH,C,5,63.28333333,12.65666667,0.95,1.9,1.9,0,2.84,60,10.43,9.09,1.48,13.27,13.27,10.43,8.53,0,1.9,0,0,0,0,0,1.9,3.79,2.84,2.84,6.64,1.9,8.53,7.58
439,Brandon Hagel,T.B,L,15,274.3333333,18.28888889,0.66,2.19,1.53,0.66,2.84,72.22,6.34,10.34,0.64,12.25,8.53,7.44,2.41,0.44,0.66,3.06,1.53,1.53,0,0,0.66,1.31,2.41,3.06,7.22,1.97,0.44,0.66
351,Dylan Strome,WSH,C,15,297.1666667,19.81111111,0.81,2.02,1.41,0.61,2.83,73.68,6.06,13.33,1.11,12.92,9.89,9.49,4.44,0.2,1.82,0.4,0.2,0.2,0,0,0.61,1.82,2.22,0.61,3.03,2.42,31.9,25.04
492,Cale Makar,COL,D,15,360.95,24.06333333,0.66,2.16,0.66,1.5,2.83,65.38,7.15,9.3,0.45,16.62,11.97,5.65,0.66,0.5,1.66,0.33,0.17,0.17,0,0,0.5,1,2.49,0.83,1.5,5.49,0,0
613,Nicholas Robertson,TOR,L,13,149.1833333,11.47564103,2.01,0.8,0.4,0.4,2.82,77.78,12.07,16.67,0.87,18.5,14.88,6.03,2.82,0.4,1.21,0.8,0.4,0.4,0,0,0.4,0.8,4.02,2.82,6.44,1.61,0.8,2.82
625,Alex Newhook,MTL,C,15,255.0166667,17.00111111,1.18,1.65,0.47,1.18,2.82,66.67,6.35,18.52,0.73,13.41,9.41,7.76,2.59,0.24,0.24,1.41,0.71,0.71,0,0,0.71,0.71,1.65,0.94,2.82,3.29,22.59,24
110,Nick Bjugstad,ARI,C,10,171.1,17.11,1.75,1.05,0.7,0.35,2.81,57.14,8.07,21.74,0.85,13.33,11.57,7.01,3.86,0.7,1.75,2.81,1.4,1.4,0,0,0.7,1.75,1.05,3.51,4.91,1.05,29.46,26.3
479,Robert Thomas,STL,C,15,319.8166667,21.32111111,0.94,1.88,1.13,0.75,2.81,55.56,6.19,15.15,0.75,11.82,8.63,7.69,3,0.38,1.13,1.88,0.94,0.94,0,0,0.94,2.44,3,0.19,2.63,2.25,35.46,27.39
227,Pavel Buchnevich,STL,L,15,300.25,20.01666667,0.6,2.2,1.2,1,2.8,66.67,7.19,8.33,1.12,13.99,9.99,8.79,4.4,0.4,1.2,0.8,0.4,0.4,0,0,1.2,1.8,1.8,1,1.4,1.4,10.39,16.39
531,Evan Bouchard,EDM,D,14,321.3166667,22.95119048,0.56,2.24,0.56,1.68,2.8,53.57,7.47,7.5,0.38,16.62,10.83,4.11,0.56,0.19,1.12,1.49,0.75,0.75,0,0,0.37,3.36,2.99,2.8,3.55,2.24,0,0
264,Curtis Lazar,N.J,C,9,86.16666667,9.574074074,0.7,2.09,2.09,0,2.79,100,2.79,25,0.24,6.27,4.18,2.09,1.39,0.7,0,3.48,0.7,0,0.7,0,1.39,1.39,0.7,12.53,9.05,7.66,9.75,16.02
653,Jack Quinn,BUF,R,10,150.8166667,15.08166667,1.59,1.19,1.19,0,2.78,100,7.56,21.05,1.46,17.5,12.73,8.75,2.39,0.8,1.99,0.8,0.4,0.4,0,0,0,0.4,0.8,4.38,8.35,1.99,0,0.4
606,Jack Hughes,N.J,C,11,237.7666667,21.61515152,1.51,1.26,1.01,0.25,2.78,61.11,11.1,13.64,1.29,19.94,14.38,8.83,2.52,0.76,1.51,0,0,0,0,0,1.26,3.53,1.77,0.25,3.03,0.5,0,0
179,Mark Jankowski,NSH,C,15,194.5,12.96666667,1.23,1.54,0,1.54,2.78,75,6.48,19.05,1.15,13.88,11.41,12.34,4.63,0,0.93,2.47,1.23,1.23,0,0,0.31,1.85,1.54,0.93,4.01,2.47,15.12,12.65
302,Ryan Donato,CHI,C,15,194.9,12.99333333,0.92,1.85,1.23,0.62,2.77,81.82,7.39,12.5,0.73,12.01,10.47,6.77,3.08,0,0.62,2.77,0.92,0.62,0.31,0,0.92,0.92,1.23,7.08,5.54,0.62,2.77,6.46
360,Zach Werenski,CBJ,D,15,372.0666667,24.80444444,1.13,1.61,0.81,0.81,2.74,70.83,7.74,14.58,0.38,14.84,10.16,4.52,0.81,0,0.97,0.32,0.16,0.16,0,0,0.16,1.29,1.45,0.97,2.26,4.19,0,0
246,Artturi Lehkonen,COL,L,15,264,17.6,1.14,1.59,1.14,0.45,2.73,57.14,7.27,15.63,1,12.5,9.55,9.09,5.91,0.45,0.91,0.45,0.23,0.23,0,0,0,1.14,1.36,2.95,7.05,1.82,0.68,0.91
154,Mark Scheifele,WPG,C,14,287.0333333,20.50238095,1.25,1.46,1.05,0.42,2.72,68.42,5.64,22.22,1.06,11.91,8.99,7.94,4.39,0,0.42,4.81,1.25,0.84,0.21,0.21,1.25,2.51,1.46,1.46,9.2,1.67,19.23,23.2
194,Chandler Stephenson,VGK,C,12,220.8333333,18.40277778,0.54,2.17,0.54,1.63,2.72,76.92,2.17,25,0.36,4.08,3.26,1.9,0.54,0,0.54,0.54,0.27,0.27,0,0,0.54,0.27,2.17,1.9,2.99,2.45,21.74,16.57
8,Alex Ovechkin,WSH,L,15,290.4666667,19.36444444,2.07,0.62,0,0.62,2.69,65,9.71,21.28,1.28,28.51,16.94,12.81,4.54,1.03,3.72,0.83,0.41,0.41,0,0,0.83,1.03,1.24,8.47,2.48,1.45,0,0
649,Jake Neighbours,STL,L,10,179.3833333,17.93833333,2.01,0.67,0.33,0.33,2.68,57.14,7.36,27.27,1.31,12.04,10.03,7.69,4.68,0.67,0.67,2.68,1.34,1.34,0,0,1,0.67,2.01,8.36,7.02,2.01,0.67,0.67
449,Trevor Moore,L.A,L,15,268.1833333,17.87888889,1.34,1.34,0.89,0.45,2.68,70.59,7.16,18.75,0.94,13.42,11.19,6.26,3.58,0.22,1.12,0.89,0.45,0.45,0,0,0.89,1.12,0.89,4.25,5.15,2.24,0.45,0.67
68,Ryan O'Reilly,NSH,C,15,291.1166667,19.40777778,0.41,2.27,1.24,1.03,2.68,50,5.36,7.69,0.73,8.45,6.8,6.39,3.3,0.21,1.24,0.82,0.41,0.41,0,0,0.41,1.44,2.06,0.41,2.47,1.65,29.27,28.03
705,Matthew Knies,TOR,L,15,180.0333333,12.00222222,1,1.67,1,0.67,2.67,72.73,7.33,13.64,0.77,10.66,9,7,4,0.33,1,3.33,1.67,1.67,0,0,1.33,1.33,2.33,10,7.33,1.33,0,0
32,Kevin Shattenkirk,BOS,D,7,113.8,16.25714286,0.53,2.11,1.58,0.53,2.64,55.56,3.16,16.67,0.11,8.96,3.69,2.11,0,0,1.58,2.11,1.05,1.05,0,0,0.53,1.58,0.53,7.38,10.54,4.22,0,0
477,Nick Suzuki,MTL,C,15,319.6333333,21.30888889,1.31,1.31,0.38,0.94,2.63,53.85,5.82,22.58,0.78,10.51,9.01,6.57,3,0.56,0,1.88,0.94,0.94,0,0,0.19,2.44,2.25,1.88,3.94,2.44,21.96,23.09
528,Quinn Hughes,VAN,D,15,365.9666667,24.39777778,0.66,1.97,1.31,0.66,2.62,66.67,6.23,10.53,0.33,15.74,9.67,3.77,0.16,0.16,2.3,1.31,0.66,0.66,0,0,0.33,1.64,1.31,0.98,4.1,2.13,0,0
593,Trevor Zegras,ANA,C,11,183.0833333,16.64393939,0.66,1.97,0.98,0.98,2.62,66.67,7.87,8.33,0.75,15.08,11.14,7.87,2.95,0.33,0.98,1.97,0.98,0.98,0,0,0.33,1.31,0.98,2.62,3.6,0.66,5.24,9.83
145,Brandon Saad,STL,L,15,230.9,15.39333333,1.56,1.04,0.52,0.52,2.6,71.43,8.32,18.75,0.89,13.77,11.43,10.65,3.9,0.26,0.78,0.52,0.26,0.26,0,0,0.52,0,1.56,0.26,1.82,0.78,1.04,1.04
120,Tyler Seguin,DAL,C,10,162.6833333,16.26833333,1.84,0.74,0.74,0,2.58,77.78,9.22,20,1.53,16.6,14.01,9.59,4.43,0.37,1.11,1.48,0.74,0.74,0,0,0.74,1.48,1.11,5.53,4.06,1.11,21.39,11.8
377,Anthony Cirelli,T.B,C,13,232.6166667,17.89358974,1.55,1.03,0.26,0.77,2.58,58.82,5.42,28.57,0.85,9.03,7.48,5.93,4.13,0.52,0.77,1.03,0.52,0.52,0,0,1.55,1.03,2.06,2.32,5.16,2.84,19.35,18.31
620,Pavel Dorofeyev,VGK,L,14,186.15,13.29642857,1.29,1.29,0.32,0.97,2.58,88.89,9.02,14.29,1.01,18.37,14.83,10.96,4.19,0.64,0.32,1.93,0.97,0.97,0,0,0.64,1.61,2.26,1.93,3.55,2.26,0,0
348,Keegan Kolesar,VGK,R,15,162.5166667,10.83444444,1.11,1.48,1.48,0,2.58,100,5.54,20,0.48,7.38,6.65,4.43,1.85,0,0,3.32,1.11,0.74,0.37,0,0.37,1.85,1.85,21.04,10.71,2.58,0.37,0
248,Tyler Bertuzzi,TOR,L,14,233.6833333,16.69166667,1.8,0.77,0.26,0.51,2.57,52.63,8.47,21.21,1.48,13.61,12.07,8.99,6.16,0.26,2.05,5.14,1.54,1.28,0,0.26,1.54,2.57,1.8,5.14,6.93,1.28,0,0
503,Fabian Zetterlund,S.J,L,15,282.4,18.82666667,1.27,1.27,0.85,0.42,2.55,57.14,8.92,14.29,1.02,18.48,14.24,8.5,3.19,0.21,0.42,0.85,0.42,0.42,0,0,0,1.91,1.7,4.04,2.97,2.12,1.49,3.61
701,Luke Hughes,N.J,D,15,329.55,21.97,0.18,2.37,1.09,1.27,2.55,63.64,6.37,2.86,0.31,14.75,8.56,3.82,0.36,0.36,1.46,1.09,0.55,0.55,0,0,1.46,2.37,1.46,0.73,4.73,2.91,0,0
516,Mark Kastelic,OTT,C,13,119.6666667,9.205128205,1,1.5,0.5,1,2.51,83.33,8.02,12.5,1.22,13.04,11.53,11.03,8.02,2.01,2.01,4.51,1.5,1,0.5,0,3.51,3.01,0.5,16.55,7.52,4.01,20.56,18.55
522,Kiefer Sherwood,NSH,L,15,193.6,12.90666667,0.31,2.17,1.55,0.62,2.48,88.89,8.06,3.85,0.78,16.43,13.02,6.51,2.48,0.93,1.55,3.1,1.55,1.55,0,0,0.62,1.55,2.17,16.74,6.2,1.24,1.24,0.31
596,Cole Caufield,MTL,R,15,291.6,19.44,1.65,0.82,0.62,0.21,2.47,54.55,11.32,14.55,1.21,20.16,15.64,9.88,3.91,0.62,0.82,0,0,0,0,0,0.21,1.23,1.03,1.44,4.12,1.65,0.21,0.41
255,Sean Monahan,WPG,C,15,268.8166667,17.92111111,1.12,1.34,1.12,0.22,2.46,55,6.25,17.86,0.96,11.61,9.15,8.7,4.46,0.67,1.12,0,0,0,0,0,0,0.45,1.56,0.89,4.02,2.46,27.68,24.78
80,Chris Kreider,NYR,L,15,269.9,17.99333333,1.33,1.11,0.89,0.22,2.45,52.38,8.23,16.22,1.12,17.12,12,9.78,6.89,0.44,1.78,0.89,0.44,0.44,0,0,0.22,1.11,0.67,3.33,1.11,0.89,0.67,1.56
707,Zack Bolduc,STL,C,13,172.8166667,13.29358974,1.39,1.04,0.35,0.69,2.43,70,8.33,16.67,0.63,13.19,11.11,4.86,2.08,0,1.39,1.39,0.69,0.69,0,0,0,2.78,3.82,1.74,4.51,2.78,0,0.35
162,Phillip Danault,L.A,C,11,197.9333333,17.99393939,0.61,1.82,1.21,0.61,2.43,80,4.24,14.29,0.44,9.09,7.28,5.15,2.12,0,1.21,0.61,0.3,0.3,0,0,0.61,1.52,0.3,2.73,3.64,2.43,27.59,18.79
135,Johnny Gaudreau,CBJ,L,14,247.8833333,17.70595238,0.24,2.18,1.21,0.97,2.42,66.67,6.78,3.57,0.69,12.83,9.44,6.78,1.94,0.48,1.94,2.9,0.48,0.24,0,0.24,0.24,2.9,1.94,0,1.21,1.45,0,0
87,Mattias Ekholm,EDM,D,14,298.9333333,21.35238095,0.8,1.61,1.2,0.4,2.41,48,8.03,10,0.42,14.85,11.44,5.22,0.6,0.2,2.01,2.01,1,1,0,0,0.8,2.41,2.21,4.21,5.22,2.61,0,0
166,Jonathan Marchessault,NSH,R,15,275.5166667,18.36777778,1.09,1.31,0.65,0.65,2.4,57.89,8.71,12.5,1.18,19.6,13.5,10.24,3.27,1.09,1.96,1.74,0.87,0.87,0,0,0,1.31,2.18,4.57,4.14,0.87,0,0.44
176,Brady Skjei,CAR,D,13,274.8833333,21.14487179,0.65,1.75,1.09,0.65,2.4,68.75,8.29,7.89,0.37,16.59,12.44,3.93,0.87,0.44,0.87,1.31,0.65,0.65,0,0,0.65,1.75,1.31,1.96,1.75,3.27,0,0
109,Brock Nelson,NYI,C,15,277.3333333,18.48888889,1.08,1.3,1.08,0.22,2.38,64.71,8.22,13.16,0.74,13.2,10.17,7.79,2.16,0.22,1.3,1.73,0.87,0.87,0,0,0.65,3.46,1.08,1.51,2.81,2.38,12.76,19.25
6,Joe Pavelski,DAL,C,15,252.4333333,16.82888889,0.71,1.66,1.19,0.48,2.38,52.63,6.66,10.71,1.14,13.31,9.98,9.51,5.7,0.24,1.9,0,0,0,0,0,0.48,1.66,1.19,4.28,3.33,2.38,16.88,15.45
427,Pierre-Luc Dubois,L.A,C,15,228.15,15.21,0.26,2.1,1.31,0.79,2.37,60,5,5.26,0.73,11.57,8.94,7.1,2.89,0,1.05,4.21,1.05,0.79,0,0.26,0.79,1.31,1.31,2.1,6.84,2.37,20.25,19.99
138,Vincent Trocheck,NYR,C,15,329.9166667,21.99444444,0.18,2.18,1.45,0.73,2.36,39.39,7.27,2.5,1.14,14.73,12.37,10,5.27,0.55,1.64,1.09,0.55,0.55,0,0,0.18,1.64,1.64,4.73,5.46,3.82,28.19,21.64
186,Teuvo Teravainen,CAR,L,10,153,15.3,1.57,0.78,0.39,0.39,2.35,75,7.06,22.22,0.63,15.69,11.37,8.63,2.75,0,0.39,0,0,0,0,0,0,2.35,0.78,0.39,1.96,1.96,1.18,0
164,Rickard Rakell,PIT,R,15,230.0833333,15.33888889,1.3,1.04,0,1.04,2.35,56.25,7.04,18.52,0.89,15.65,10.69,8.87,4.43,0.26,1.83,1.04,0.52,0.52,0,0,0.52,1.04,0.78,5.74,5.74,2.61,0,0.26
354,Mathew Barzal,NYI,C,14,280.5333333,20.03809524,0.64,1.71,1.28,0.43,2.35,78.57,10.05,6.38,0.77,16.25,12.4,7.06,2.78,1.07,1.28,0,0,0,0,0,1.5,3.85,1.92,2.14,2.14,2.99,4.28,7.27
558,Kirill Marchenko,CBJ,R,15,255.9333333,17.06222222,1.41,0.94,0.23,0.7,2.34,62.5,9.61,14.63,1.02,17.35,13.36,11.49,2.81,0.23,1.17,0.47,0.23,0.23,0,0,1.17,1.64,3.28,3.05,3.28,0.94,0.7,0.94
181,Mike Matheson,MTL,D,15,384.0166667,25.60111111,0.31,2.03,1.09,0.94,2.34,57.69,4.37,7.14,0.26,10.47,6.25,3.12,0.62,0,0.47,0.94,0.47,0.47,0,0,0.62,2.34,1.56,0.62,3.44,7.34,0,0
185,Tomas Hertl,VGK,C,6,103.2,17.2,1.16,1.16,0.58,0.58,2.33,44.44,6.4,18.18,1.04,11.63,9.88,8.72,5.81,0,2.91,0,0,0,0,0,1.16,0,1.16,6.4,3.49,1.74,34.3,15.12
475,Gabriel Vilardi,WPG,C,9,155.3833333,17.26481481,2.32,0,0,0,2.32,60,9.27,25,1.69,14.29,12.36,11.2,8.5,0,0.77,1.54,0.77,0.77,0,0,2.32,1.16,1.93,1.54,3.48,1.54,0.39,0.39
260,Josh Morrissey,WPG,D,14,335.7166667,23.9797619,0.36,1.97,0.89,1.07,2.32,50,5.36,6.67,0.39,13.05,9.29,3.57,0.18,0.18,0.36,0.71,0.36,0.36,0,0,1.07,0.71,1.07,2.68,2.68,2.32,0,0
95,Anders Lee,NYI,L,14,208.0833333,14.86309524,0.87,1.44,0.29,1.15,2.31,72.73,8.94,9.68,1.5,16.15,14.13,10.67,6.63,0.29,1.44,6.34,1.15,0.29,0.58,0.29,0.87,0.58,0.29,8.65,4.9,3.46,2.31,2.88
204,Jaccob Slavin,CAR,D,14,285.8,20.41428571,0.42,1.89,0.63,1.26,2.31,78.57,6.3,6.67,0.21,12.18,9.03,3.78,0.21,0.63,1.47,0.42,0.21,0.21,0,0,0.21,0.84,2.73,2.31,4.83,3.99,0,0
349,Tommy Novak,NSH,C,15,209.55,13.97,1.43,0.86,0.29,0.57,2.29,61.54,8.3,17.24,0.87,15.46,12.03,8.59,4.29,0.29,2.29,0.57,0.29,0.29,0,0,1.15,1.43,3.72,0,6.59,2.86,9.16,17.47
367,Lawson Crouse,ARI,L,15,235.8333333,15.72222222,0.76,1.53,1.27,0.25,2.29,69.23,6.61,11.54,0.7,10.94,7.89,7.63,3.56,0.51,1.02,1.02,0.51,0.51,0,0,0.51,1.27,1.53,8.65,3.05,2.8,0.76,2.8
538,Andrei Svechnikov,CAR,R,13,212.0666667,16.31282051,0.57,1.7,0.85,0.85,2.26,61.54,9.9,5.71,1.14,19.52,14.43,9.34,3.96,0.57,1.41,3.96,1.7,1.7,0,0,1.13,2.83,1.13,4.24,4.24,0.85,0,0.28
118,Zach Hyman,EDM,L,14,267.2833333,19.09166667,1.35,0.9,0.22,0.67,2.24,43.48,11,12.24,1.62,17.73,14.59,15.04,8.98,0,1.57,1.35,0.67,0.67,0,0,0.45,0.67,0.45,5.61,4.94,0.67,0,0
280,Sam Bennett,FLA,C,15,241.6833333,16.11222222,0.99,1.24,0.74,0.5,2.23,56.25,9.19,10.81,0.95,19.61,12.91,11.42,3.23,0.5,1.99,4.22,1.74,1.49,0.25,0,0.74,1.49,2.48,10.68,3.23,1.74,17.38,25.07
15,T.J. Oshie,WSH,R,9,161.3,17.92222222,0.37,1.86,0.74,1.12,2.23,54.55,3.35,11.11,1.01,9.67,7.44,7.07,3.35,0,1.49,0.74,0.37,0.37,0,0,1.49,0.74,2.6,4.09,4.46,4.46,0.37,1.12
317,Dakota Joshua,VAN,C,10,162.0166667,16.20166667,1.85,0.37,0,0.37,2.22,60,5.55,33.33,0.94,10.37,8.89,8.15,5.18,0,0.74,5.18,1.11,0.74,0,0.37,1.85,0.37,1.85,18.52,8.15,2.22,1.85,1.85
231,Carter Verhaeghe,FLA,C,9,162.0333333,18.0037037,1.48,0.74,0.37,0.37,2.22,66.67,10.37,14.29,1.17,19.63,13.7,12.96,4.07,0,2.96,2.22,1.11,1.11,0,0,0,2.22,2.59,4.44,9.63,1.11,1.48,2.22
254,Elias Lindholm,VAN,C,8,135.3833333,16.92291667,0.89,1.33,0.44,0.89,2.22,83.33,6.65,13.33,0.72,12.85,10.64,7.09,2.22,0.89,0,0,0,0,0,0,0,1.33,2.66,4.88,2.66,3.99,27.03,21.72
293,Jared McCann,SEA,L,14,245.7666667,17.5547619,0.49,1.71,0.73,0.98,2.2,75,10.74,4.55,1.26,24.9,17.82,10.74,1.95,0.98,1.95,1.95,0.98,0.98,0,0,1.46,0.98,1.95,1.22,3.17,1.95,9.52,12.94
101,Mats Zuccarello,MIN,R,12,245.2166667,20.43472222,0.24,1.96,1.71,0.24,2.2,56.25,8.56,2.86,0.87,19.33,14.44,9.54,1.96,0.49,2.45,1.47,0.73,0.73,0,0,1.22,1.71,1.96,0.98,3.18,1.96,1.47,2.94
350,Travis Konecny,PHI,R,15,301.6833333,20.11222222,1.19,0.99,0.4,0.6,2.19,68.75,8.95,13.33,0.97,20.68,13.92,9.15,3.38,0.99,1.59,1.19,0.6,0.6,0,0,1.99,1.19,1.99,5.97,5.37,2.78,3.18,3.78
660,Tim Stützle,OTT,C,8,165.6166667,20.70208333,0.36,1.81,0.36,1.45,2.17,60,5.43,6.67,0.55,10.87,8.69,5.8,1.09,0.36,0.72,0.72,0.36,0.36,0,0,0.72,2.54,1.81,3.62,4.35,1.45,8.33,4.71
328,Frank Vatrano,ANA,R,15,277.7,18.51333333,1.73,0.43,0,0.43,2.16,71.43,13.4,12.9,1.41,20.09,16.85,9.29,5.62,0.22,3.02,3.02,1.51,1.51,0,0,1.3,1.08,0.86,6.48,4.54,2.59,0.65,1.08
612,Thomas Harley,DAL,D,15,334.0166667,22.26777778,0.18,1.98,0.9,1.08,2.16,54.55,4.13,4.35,0.22,11.32,6.29,4.13,0.54,0.36,0.9,1.08,0.54,0.54,0,0,0,1.62,1.8,3.95,6.29,4.49,0,0
286,Sonny Milano,WSH,L,13,168.5666667,12.96666667,1.78,0.36,0.36,0,2.14,75,5.7,31.25,0.58,7.12,6.05,4.98,2.85,0,0.36,0.71,0.36,0.36,0,0,0.71,1.42,3.56,1.78,8.54,1.42,0,0
709,James Malatesta,CBJ,L,11,112.3833333,10.21666667,1.07,1.07,0,1.07,2.14,100,6.41,16.67,0.68,12.28,10.68,6.94,3.74,0.53,0.53,2.67,0.53,0,0.53,0,1.6,1.07,0.53,21.89,5.34,1.07,0,0.53
73,Evander Kane,EDM,L,11,168.0333333,15.27575758,1.07,1.07,0.71,0.36,2.14,75,8.57,12.5,1.33,18.57,12.14,9.28,5.36,1.43,2.5,5.36,2.14,1.79,0.36,0,1.07,1.79,1.07,12.14,9.28,1.07,2.14,0.36
296,Brendan Lemieux,CAR,L,6,56.06666667,9.344444444,1.07,1.07,1.07,0,2.14,66.67,9.63,11.11,1.01,18.19,12.84,8.56,4.28,0,0,9.63,3.21,2.14,1.07,0,1.07,0,1.07,11.77,5.35,2.14,0,2.14
224,Jonny Brodzinski,NYR,C,11,113.9833333,10.36212121,1.05,1.05,0.53,0.53,2.11,80,8.95,11.76,1.27,18.42,14.74,9.48,4.74,0,1.58,0,0,0,0,0,0,2.11,2.63,5.26,4.21,1.58,12.11,12.63
355,Roope Hintz,DAL,C,15,255.8166667,17.05444444,0.94,1.17,0.23,0.94,2.11,50,8.68,10.81,1.55,15.95,12.9,10.79,5.63,0.94,2.11,0.47,0.23,0.23,0,0,0,1.41,1.64,1.64,3.52,2.35,13.13,8.68
361,Nicolas Roy,VGK,C,12,170.65,14.22083333,0.7,1.41,0.7,0.7,2.11,60,4.92,14.29,0.95,10.55,6.33,5.63,3.52,0.7,1.05,2.11,1.05,1.05,0,0,0.7,1.76,2.46,4.92,9.14,2.46,18.28,19.69
321,Pierre Engvall,NYI,L,13,198.85,15.29615385,0.6,1.51,0.3,1.21,2.11,87.5,6.03,10,0.69,10.86,8.45,5.43,3.02,0.3,0.91,0,0,0,0,0,0,1.51,0.91,1.81,5.73,1.21,1.51,2.11
670,Luke Evangelista,NSH,R,15,227.0833333,15.13888889,0.53,1.59,1.06,0.53,2.11,50,11.89,4.44,1.42,18.5,15.59,12.42,7.4,1.06,1.59,0,0,0,0,0,1.06,1.32,1.32,1.32,5.02,0.53,0,0
159,Joel Armia,MTL,R,15,259.3,17.28666667,1.39,0.69,0.46,0.23,2.08,47.37,9.02,15.38,0.98,14.35,10.88,8.79,3.7,0.23,2.55,2.78,1.16,1.16,0,0,0.93,1.62,0.93,3.93,2.78,2.08,0,0.46
220,MacKenzie Weegar,CGY,D,15,375.0166667,25.00111111,0.8,1.28,0.48,0.8,2.08,52,6.56,12.2,0.32,15.36,8.8,5.6,0.8,0.32,0.64,1.28,0.64,0.64,0,0,0.16,1.92,2.72,5.6,3.2,6.24,0,0
545,Jack McBain,ARI,C,15,202.7666667,13.51777778,0.3,1.78,1.78,0,2.07,53.85,4.73,6.25,0.93,11.54,7.4,7.99,3.85,0.89,2.96,2.66,0.89,0.59,0.3,0,0.3,2.07,0.89,17.75,6.81,2.96,24.86,26.93
685,Bobby McMann,TOR,C,13,175.1333333,13.47179487,1.71,0.34,0.34,0,2.06,54.55,9.59,17.86,1.05,16.44,14.05,8.22,4.8,1.03,2.4,4.8,1.03,0.69,0,0.34,0.34,1.37,2.06,8.91,4.11,0.34,0.34,0.69
679,JJ Peterka,BUF,R,15,292.9833333,19.53222222,1.43,0.61,0.41,0.2,2.05,55.56,10.03,14.29,1.13,19.05,14.95,9.22,3.07,0.41,0.82,2.87,0.61,0.41,0,0.2,0.41,1.64,1.43,2.05,4.1,0,0,0
150,Jonathan Huberdeau,CGY,C,15,263.3833333,17.55888889,0.68,1.37,1.14,0.23,2.05,60,7.29,9.38,0.91,15.04,11.39,8.88,3.64,0.23,1.37,1.82,0.91,0.91,0,0,0.46,1.59,2.05,1.82,2.28,0.68,1.14,1.14
241,Ryan Hartman,MIN,R,12,206,17.16666667,1.17,0.87,0.58,0.29,2.04,63.64,9.32,12.5,1.14,18.64,13.69,8.45,4.37,1.17,1.75,9.32,2.33,1.75,0,0.58,1.46,0.87,1.46,1.46,2.91,4.37,18.06,20.68
243,J.T. Compher,DET,L,15,293.5833333,19.57222222,0.61,1.43,0.61,0.82,2.04,58.82,4.29,14.29,0.98,7.77,5.93,6.13,3.27,0.41,1.23,0.41,0.2,0.2,0,0,0.82,1.63,0.61,2.66,4.29,3.68,21.46,22.69
234,Nicholas Paul,T.B,L,15,266.0166667,17.73444444,1.35,0.68,0.68,0,2.03,39.13,7.22,18.75,0.92,12.41,10.15,6.77,3.61,0.68,0.9,1.35,0.68,0.68,0,0,0.68,0.68,2.71,4.29,3.61,1.58,26.84,20.53
140,Nick Cousins,FLA,C,14,147.6,10.54285714,0.81,1.22,0,1.22,2.03,55.56,7.32,11.11,0.86,12.6,10.16,8.54,5.69,0.81,0.81,10.16,2.85,2.03,0.41,0.41,2.44,2.85,3.66,11.79,10.57,2.85,3.25,0.41
574,Yegor Sharangovich,CGY,C,15,266.5833333,17.77222222,0.68,1.35,0.68,0.68,2.03,64.29,7.2,9.38,0.72,16.88,11.25,9.68,2.25,0.23,1.13,0.45,0.23,0.23,0,0,1.13,1.13,1.8,0.68,3.6,0.9,8.1,10.58
282,William Nylander,TOR,R,15,296.1166667,19.74111111,0.61,1.42,1.42,0,2.03,47.62,9.93,6.12,0.86,19.86,12.97,8.92,3.44,0.81,1.62,0.41,0.2,0.2,0,0,1.01,1.22,1.22,1.42,3.65,1.22,2.63,2.84
199,Jordan Martinook,CAR,L,15,207.0333333,13.80222222,0.58,1.45,0.87,0.58,2.03,87.5,8.98,6.45,0.91,15.65,13.33,9.27,4.06,0.58,0.87,2.32,1.16,1.16,0,0,0.58,0.58,0.58,3.48,4.64,1.45,3.19,6.09
467,Casey Mittelstadt,COL,C,15,237.4,15.82666667,0.76,1.26,0.51,0.76,2.02,57.14,5.31,14.29,0.74,11.63,7.83,7.83,3.79,0,0.51,1.01,0.51,0.51,0,0,0.51,2.02,2.53,2.53,6.07,1.77,20.47,24.01
480,MacKenzie Entwistle,CHI,R,10,118.8666667,11.88666667,0.5,1.51,0.5,1.01,2.02,100,4.04,12.5,0.66,9.09,7.57,6.56,3.53,1.01,0.5,2.02,1.01,1.01,0,0,0,1.51,1.51,10.1,2.52,2.02,10.1,17.16
567,Martin Pospisil,CGY,C,15,208.1166667,13.87444444,0.29,1.73,1.15,0.58,2.02,53.85,10.38,2.78,1.15,16.14,14.13,10.67,6.05,1.44,2.88,8.94,2.88,2.31,0.29,0.29,1.15,0.86,1.44,17.01,5.19,0.58,1.73,2.59
408,Jesse Puljujarvi,PIT,R,11,89.43333333,8.13030303,1.34,0.67,0.67,0,2.01,60,8.72,15.38,1.03,14.76,11.41,8.05,4.7,1.34,0.67,2.68,1.34,1.34,0,0,0,0.67,1.34,10.06,8.72,2.01,0.67,2.01
438,Ross Colton,COL,C,15,180.75,12.05,1,1,0.66,0.33,1.99,100,8.3,12,0.88,17.26,12.95,9.63,5.64,0.33,1.66,0.66,0.33,0.33,0,0,0.66,0.66,2.66,8.3,2.66,2.66,23.24,18.92
359,Jack Roslovic,NYR,C,14,180.4666667,12.89047619,0.66,1.33,0.66,0.66,1.99,75,7.31,9.09,0.66,10.31,9.64,4.99,2.99,0.33,1,0.66,0.33,0.33,0,0,0.66,1.99,1,1.33,3.32,0.33,2.99,2.66
474,Elias Pettersson,VAN,C,15,301.9833333,20.13222222,0.6,1.39,0.99,0.4,1.99,47.62,5.96,10,1.06,14.7,10.93,8.94,3.18,0.4,1.19,0.4,0.2,0.2,0,0,0.99,0.99,2.19,4.97,4.77,2.38,18.68,16.29
198,Chris Tierney,N.J,C,15,121.2,8.08,0.99,0.99,0,0.99,1.98,66.67,2.48,40,0.46,4.95,2.97,1.98,0.99,0,0.99,9.41,1.98,0.99,0.5,0.5,0.99,0.99,1.98,2.48,3.47,1.98,15.84,11.88
20,Brad Marchand,BOS,L,15,272.6,18.17333333,0.44,1.54,1.54,0,1.98,56.25,6.38,6.9,0.67,10.34,8.14,6.16,3.3,0.88,0.66,3.08,1.54,1.54,0,0,0.88,4.62,1.1,5.94,3.74,1.54,0.66,1.1
696,Matty Beniers,SEA,C,15,275.9833333,18.39888889,1.09,0.87,0.43,0.43,1.96,75,5.22,20.83,0.7,10.65,7.61,7.17,3.48,0.43,1.3,0.43,0.22,0.22,0,0,0.43,0.87,1.74,1.74,5.44,2.17,23.04,24.13
239,Shea Theodore,VGK,D,15,306.65,20.44333333,0.2,1.76,0.98,0.78,1.96,58.82,6.46,3.03,0.28,15.07,9.39,3.33,0,0.39,1.57,1.17,0.39,0.39,0,0,0.2,1.17,2.15,0.98,3.52,5.09,0,0
502,Eetu Luostarinen,FLA,C,15,246.15,16.41,0.24,1.71,1.22,0.49,1.95,80,7.8,3.13,1,12.92,9.75,8.04,4.14,0.98,1.71,1.95,0.98,0.98,0,0,0.24,2.19,2.68,7.07,9.99,2.93,2.44,1.71
749,Connor Bedard,CHI,C,15,309.05,20.60333333,0.39,1.55,0.78,0.78,1.94,62.5,8.35,4.65,1.04,15.92,11.84,7.96,2.52,0.78,1.55,1.94,0.97,0.97,0,0,1.55,2.52,0.97,2.72,2.33,1.16,6.21,10.29
750,Zach Benson,BUF,L,15,218.6166667,14.57444444,0.55,1.37,0.82,0.55,1.92,63.64,5.21,10.53,1.01,8.51,7.68,7.41,5.49,0.55,0.27,1.1,0.55,0.55,0,0,0.82,1.1,1.37,2.47,4.94,2.2,0,0.55
59,Adam Henrique,EDM,C,15,221.15,14.74333333,1.36,0.54,0.54,0,1.9,53.85,5.97,22.73,1.06,10.85,9.77,7.6,5.43,0.27,1.36,0.54,0.27,0.27,0,0,0.27,1.63,1.09,7.33,2.44,2.98,13.29,11.94
60,TJ Brodie,TOR,D,12,252.6833333,21.05694444,0.24,1.66,0.71,0.95,1.9,57.14,3.09,7.69,0.1,4.99,4.04,0.95,0.24,0,0.24,3.32,0.71,0.47,0,0.24,0.47,2.14,0.47,1.19,7.12,4.75,0,0
29,Alex Killorn,ANA,L,15,285.3333333,19.02222222,1.26,0.63,0.63,0,1.89,60,8.83,14.29,0.94,14.93,11.78,8.41,3.57,0,0.84,2.52,1.26,1.26,0,0,0.84,1.89,1.89,3.57,4,1.47,0.63,0.84
353,Brock Boeser,VAN,R,14,253.8833333,18.13452381,1.18,0.71,0.71,0,1.89,50,5.67,20.83,1.23,14.89,9.69,9.22,5.67,0,0.95,1.42,0.71,0.71,0,0,0,0.71,1.18,2.36,1.89,1.42,0.95,0.24
363,Daniel Sprong,DET,R,10,95.66666667,9.566666667,0.63,1.25,0,1.25,1.88,75,6.27,10,0.49,12.54,8.15,3.76,1.25,0,0.63,0,0,0,0,0,0,2.51,0.63,2.51,3.76,0,0,0
603,Kaapo Kakko,NYR,R,15,193.0333333,12.86888889,1.24,0.62,0.62,0,1.86,60,8.7,14.29,0.48,13.05,10.88,4.35,1.24,0.31,0.62,3.11,1.24,1.24,0,0,0.93,0.31,0.62,2.18,3.11,1.24,2.18,1.55
400,Joey Anderson,CHI,R,15,195.55,13.03666667,0.92,0.92,0.92,0,1.84,75,3.99,23.08,0.25,6.44,4.6,3.99,2.15,0.61,0.61,0,0,0,0,0,0,1.53,1.84,5.52,1.53,0.61,0,0
103,Jason Zucker,NSH,L,15,196.9666667,13.13111111,1.22,0.61,0.61,0,1.83,75,11.88,10.26,1.12,17.67,14.01,10.97,5.79,0.91,2.13,7.01,1.83,1.22,0.3,0.3,0.91,2.13,2.74,5.79,4.87,1.22,0.61,0.61
661,Lukas Reichel,CHI,L,15,197.1166667,13.14111111,0.61,1.22,1.22,0,1.83,75,6.39,9.52,0.71,9.13,7.31,5.17,3.65,0.3,0.91,0,0,0,0,0,0,2.13,2.74,2.13,5.17,2.74,0.3,0.61
149,Ryan Nugent-Hopkins,EDM,C,14,267.2333333,19.08809524,0.45,1.35,1.35,0,1.8,47.06,8.08,5.56,0.99,15.72,11.23,10.1,3.59,0.9,0.9,0.9,0.45,0.45,0,0,0.22,1.12,2.47,4.94,2.47,1.12,5.61,5.16
412,Brett Howden,VGK,C,15,201.5,13.43333333,0.89,0.89,0.89,0,1.79,75,4.47,20,0.44,8.64,6.85,5.66,1.79,0,1.79,2.38,1.19,1.19,0,0,1.19,0.89,1.19,5.96,8.93,2.68,7.44,11.61
90,Casey Cizikas,NYI,C,15,234.65,15.64333333,0.51,1.28,0,1.28,1.79,53.85,6.14,8.33,0.81,12.02,9.46,8.69,5.37,0.51,1.53,0.51,0.26,0.26,0,0,0.51,2.3,2.05,6.9,8.44,4.6,9.72,5.37
64,Tyler Johnson,CHI,C,15,235.1166667,15.67444444,0.51,1.28,0.26,1.02,1.79,63.64,5.87,8.7,0.69,10.97,8.68,5.36,2.55,0.51,1.28,1.02,0.51,0.51,0,0,0.51,1.28,2.04,4.85,1.79,1.28,6.64,12.5
211,Alex Kerfoot,ARI,C,15,268.7833333,17.91888889,0.45,1.34,0.89,0.45,1.79,57.14,3.79,11.76,0.53,6.47,5.13,3.79,2.46,0,0.67,1.34,0.67,0.67,0,0,0.45,1.34,2.01,4.91,6.47,3.13,23.22,26.79
303,Christian Dvorak,MTL,C,5,67.41666667,13.48333333,1.78,0,0,0,1.78,50,2.67,66.67,0.25,5.34,2.67,2.67,0,0,0,0,0,0,0,0,0,1.78,2.67,2.67,3.56,3.56,24.92,27.59
640,Drew O'Connor,PIT,L,15,269.3666667,17.95777778,1.34,0.45,0.22,0.22,1.78,44.44,8.46,15.79,1.67,13.14,11.36,9.36,6.01,0.45,2.23,0.45,0.22,0.22,0,0,0.89,1.56,1.78,2.23,3.34,4.68,0.45,0.45
659,Anton Lundell,FLA,C,15,235.65,15.71,1.02,0.76,0.51,0.25,1.78,58.33,9.42,10.81,0.93,14.77,12.22,7.38,3.82,0.76,1.02,2.55,1.27,1.27,0,0,0.76,1.27,2.04,6.11,4.07,2.55,25.72,16.55
106,Charlie Coyle,BOS,C,15,269.0166667,17.93444444,0.89,0.89,0.45,0.45,1.78,80,4.68,19.05,0.57,8.25,6.47,4.91,3.12,0.89,0.45,0.89,0.45,0.45,0,0,0.89,1.78,1.78,6.69,2.01,3.35,26.99,26.54
54,John Carlson,WSH,D,15,404.9333333,26.99555556,0.74,1.04,0.89,0.15,1.78,52.17,6.67,11.11,0.5,16.3,10.37,5.48,1.19,0.44,2.52,0.3,0.15,0.15,0,0,0.15,1.63,1.93,2.67,3.41,5.63,0,0
18,Kris Letang,PIT,D,15,375.25,25.01666667,0.32,1.44,0.32,1.12,1.76,45.83,4,8,0.27,11.35,6.4,3.04,1.12,0,0.64,0.32,0.16,0.16,0,0,0.16,0.96,1.44,3.36,4.64,4.32,0,0
310,Devon Toews,COL,D,15,343.3833333,22.89222222,0.17,1.57,0.52,1.05,1.75,50,5.42,3.23,0.38,13.45,7.51,3.67,0.52,0,1.22,0.35,0.17,0.17,0,0,0.52,1.57,2.27,2.62,0.7,2.27,0,0
170,Yanni Gourde,SEA,C,15,241.0666667,16.07111111,0.75,1,1,0,1.74,100,6.22,12,1.07,10.95,8.71,7.22,4.23,0.5,1,1,0.5,0.5,0,0,0.5,0.75,2.24,7.72,4.73,2.99,25.14,24.89
163,Vladislav Namestnikov,WPG,C,14,172.2666667,12.3047619,0.7,1.04,0.35,0.7,1.74,50,4.18,16.67,0.38,5.92,5.22,3.48,2.44,0,0.35,2.09,1.04,1.04,0,0,1.04,1.04,0.7,5.57,6.62,1.74,1.04,3.13
178,Scott Laughton,PHI,C,15,244.0166667,16.26777778,0.74,0.98,0.49,0.49,1.72,63.64,7.62,9.68,0.53,14.75,9.84,7.13,2.7,0,2.21,4.18,1.72,1.48,0.25,0,1.72,1.23,0.98,8.11,2.95,3.44,22.87,23.36
389,Troy Terry,ANA,R,15,278.7,18.58,0.65,1.08,0.22,0.86,1.72,66.67,6.67,9.68,0.64,13.78,10.55,6.03,1.08,0.65,0,0.86,0.43,0.43,0,0,0.65,1.08,1.72,1.29,4.74,1.72,0,0
72,Matt Duchene,DAL,C,15,244.7833333,16.31888889,0.49,1.23,0.74,0.49,1.72,77.78,7.11,6.9,1.09,14.22,10.54,7.6,3.19,0.25,1.23,0.98,0.49,0.49,0,0,0.49,2.7,1.96,1.47,3.68,1.72,16.18,11.77
703,Logan Stankoven,DAL,C,15,209.8666667,13.99111111,0.29,1.43,0.86,0.57,1.72,46.15,7.43,3.85,1.11,16.87,12.01,9.43,5.43,0.57,1.72,0.57,0.29,0.29,0,0,0.57,0.86,1.72,3.43,6.86,2.29,1.14,0.57
82,Reilly Smith,PIT,R,15,243.6,16.24,0.25,1.48,0.99,0.49,1.72,63.64,5.91,4.17,0.64,11.33,8.62,6.65,2.96,0.74,0.74,2.46,1.23,1.23,0,0,0.74,1.97,3.45,2.46,3.69,1.72,0.25,1.48
409,Jakob Chychrun,OTT,D,15,317.1833333,21.14555556,0.95,0.76,0.38,0.38,1.7,56.25,5.49,17.24,0.5,16.08,10.4,6.05,0.76,0.19,1.51,1.13,0.57,0.57,0,0,0.19,1.32,0.76,3.59,4.35,4.92,0,0
104,Tyler Toffoli,WPG,C,14,211.7333333,15.12380952,0.85,0.85,0.57,0.28,1.7,42.86,11.05,7.69,1.25,19.27,14.17,9.07,4.53,0.28,1.7,0,0,0,0,0,0.28,0.57,1.42,2.27,3.68,0.28,0.57,1.42
115,Jaden Schwartz,SEA,C,15,247.3333333,16.48888889,0.49,1.21,0.49,0.73,1.7,58.33,5.09,9.52,0.96,10.92,7.76,7.28,4.61,0,0.97,1.46,0.73,0.73,0,0,0.73,1.94,3.15,2.18,4.37,1.7,7.28,4.12
443,Michael Eyssimont,T.B,C,15,176.2666667,11.75111111,0.34,1.36,1.02,0.34,1.7,62.5,8.17,4.17,0.57,15.66,11.23,5.79,3.4,0,1.36,3.06,1.02,0.68,0.34,0,1.36,1.02,1.36,11.57,11.57,2.04,0.34,1.02
541,Rasmus Dahlin,BUF,D,15,358.1,23.87333333,0.84,0.84,0.67,0.17,1.68,41.67,7.37,11.36,0.67,15.08,10.89,4.19,0.34,0.34,1.34,4.02,1.34,1.17,0,0.17,0.84,1.01,1.34,7.04,5.03,4.36,0,0
487,Martin Necas,CAR,C,15,250.4666667,16.69777778,0.72,0.96,0.72,0.24,1.68,63.64,11.5,6.25,1.04,19.88,15.33,10.3,4.31,0.24,2.64,0.96,0.48,0.48,0,0,0.24,3.35,0.48,2.64,4.31,1.92,0.96,2.64
297,Ivan Barbashev,VGK,C,15,251.95,16.79666667,1.19,0.48,0.24,0.24,1.67,46.67,5.48,21.74,0.88,10.48,8.57,8.57,3.33,0,1.43,0.48,0.24,0.24,0,0,0.71,2.38,1.43,9.76,3.57,2.14,0.95,2.38
52,Erik Karlsson,PIT,D,15,359.0833333,23.93888889,0.5,1.17,0.33,0.84,1.67,40,8.02,6.25,0.31,18.55,10.69,4.34,0.17,0,1.17,2.01,1,1,0,0,0.5,0.84,1.34,1.34,3.17,3.68,0,0
486,Miro Heiskanen,DAL,D,15,359.9166667,23.99444444,0.33,1.33,1,0.33,1.67,34.48,5.67,5.88,0.37,14,8.84,5,0.67,0,1.17,2.33,0.5,0.33,0,0.17,0.67,0.5,0.33,2.17,5.67,3.5,0,0
168,Torey Krug,STL,D,10,215.0333333,21.50333333,0.28,1.4,1.12,0.28,1.67,66.67,5.3,5.26,0.55,12.84,9.21,4.19,0.28,0.28,1.67,1.12,0.56,0.56,0,0,0.56,1.67,2.23,2.51,3.07,5.86,0,0
71,Victor Hedman,T.B,D,13,322.7666667,24.82820513,0.19,1.49,0.74,0.74,1.67,36,5.76,3.23,0.46,12.27,7.81,5.02,1.12,0.19,0.74,2.97,0.74,0.56,0,0.19,0.37,1.67,1.67,2.6,2.97,2.97,0,0
473,Klim Kostin,S.J,C,14,216.4166667,15.45833333,0.83,0.83,0.55,0.28,1.66,85.71,3.6,23.08,0.29,7.21,4.71,5.54,0.55,0.28,0.55,3.6,1.39,1.11,0.28,0,1.94,1.39,1.94,9.15,0.83,2.77,0.83,1.94
482,Morgan Frost,PHI,C,15,252.9833333,16.86555556,0.71,0.95,0.71,0.24,1.66,63.64,7.12,10,1.07,13.99,11.15,9.25,5.69,0,1.19,1.42,0.71,0.71,0,0,0.71,1.66,1.42,3.32,2.85,1.19,24.9,18.5
304,Warren Foegele,EDM,L,15,218.9,14.59333333,1.1,0.55,0.55,0,1.64,66.67,12.33,8.89,1.53,24.94,18.09,13.98,8.22,1.37,4.66,0.55,0.27,0.27,0,0,1.1,2.19,1.37,4.11,8.22,1.64,0,0
97,Nic Dowd,WSH,C,15,219.3666667,14.62444444,1.09,0.55,0.27,0.27,1.64,85.71,3.28,33.33,0.69,4.92,4.1,3.83,1.91,0,0.82,3.01,1.09,0.82,0.27,0,1.09,1.37,4.65,14.77,6.29,2.74,31.73,33.64
371,Jake DeBrusk,BOS,L,15,255.9833333,17.06555556,0.94,0.7,0.47,0.23,1.64,87.5,7.97,11.76,1.11,13.59,10.31,8.2,4.69,0.94,1.41,0.94,0.47,0.47,0,0,0.47,1.41,1.17,6.09,8.2,1.64,0.23,0.47
258,Valeri Nichushkin,COL,R,11,219.4666667,19.95151515,0.82,0.82,0.27,0.55,1.64,50,6.29,13.04,1.02,11.76,10.12,8.75,6.01,0.82,0.27,1.09,0.55,0.55,0,0,0,0.82,2.73,4.1,3.55,1.91,0,0
491,Ryan Poehling,PHI,C,15,256.2,17.08,0.7,0.94,0.94,0,1.64,50,6.56,10.71,0.78,12.18,9.6,6.56,5.15,0.23,0.7,0,0,0,0,0,0.23,0.7,0.7,2.81,5.62,4.45,24.12,25.53
700,Matt Coronato,CGY,R,13,146.6333333,11.27948718,0.41,1.23,0.41,0.82,1.64,57.14,6.55,6.25,0.52,13.91,9.82,6.96,0.82,0.82,0.82,0,0,0,0,0,0.41,1.64,4.09,1.64,6.14,1.23,0.82,1.64
43,Max Pacioretty,WSH,L,15,221.45,14.76333333,0.27,1.35,1.08,0.27,1.63,54.55,7.04,3.85,0.91,17.88,13.28,9.75,4.34,0.81,1.9,2.98,1.08,0.81,0.27,0,0.54,1.9,1.63,8.67,6.5,3.25,0,0.81
189,Radek Faksa,DAL,C,15,185.2333333,12.34888889,0.32,1.3,0.97,0.32,1.62,71.43,5.83,5.56,0.81,12.63,9.72,6.8,4.21,0.65,0.97,1.3,0.65,0.65,0,0,0.65,0.65,3.24,6.15,10.69,1.62,19.76,16.52
508,Noah Cates,PHI,L,14,189.7,13.55,0.95,0.63,0.32,0.32,1.58,83.33,6.64,14.29,0.7,16.13,11.7,9.49,3.8,0.63,1.58,0,0,0,0,0,1.27,0.32,2.85,7.59,6.33,2.85,6.96,7.59
591,Dylan Cozens,BUF,C,15,266.0166667,17.73444444,0.68,0.9,0.45,0.45,1.58,53.85,7.22,9.38,0.86,14.44,9.7,8.12,3.16,0.45,1.35,2.03,0.68,0.45,0.23,0,0.45,0.9,1.58,5.86,5.86,0.68,22.55,30.45
462,Morgan Geekie,BOS,C,15,229.9333333,15.32888889,0.52,1.04,0.52,0.52,1.57,50,6.26,8.33,0.55,9.65,7.31,5.22,2.09,0.26,0.26,1.04,0.52,0.52,0,0,0.26,2.09,1.57,10.44,7.05,1.83,14.35,13.83
127,Sam Carrick,EDM,C,10,114.7666667,11.47666667,0.52,1.05,0.52,0.52,1.57,75,5.75,9.09,0.73,8.89,6.8,6.27,4.71,0,2.09,1.05,0.52,0.52,0,0,1.57,0.52,2.09,9.93,14.64,1.57,36.6,19.87
506,Emil Bemstrom,PIT,C,11,76.93333333,6.993939394,1.56,0,0,0,1.56,50,6.24,25,0.82,9.36,9.36,6.24,3.9,1.56,0,0,0,0,0,0,0,1.56,0.78,2.34,8.58,2.34,0,0.78
142,Jean-Gabriel Pageau,NYI,C,15,230.8666667,15.39111111,0.78,0.78,0.78,0,1.56,66.67,5.72,13.64,1,10.92,8.84,7.28,4.42,0.52,1.56,1.3,0.26,0,0.26,0,0.52,1.04,1.3,7.28,4.94,4.68,29.11,16.37
434,Jacob MacDonald,S.J,D,8,77.73333333,9.716666667,0.77,0.77,0.77,0,1.54,66.67,3.09,25,0.2,6.17,3.86,3.86,0.77,0,0.77,1.54,0.77,0.77,0,0,0.77,0,2.32,1.54,3.86,0,0.77,0
666,Thomas Bordeleau,S.J,C,15,233.7,15.58,0.51,1.03,0.77,0.26,1.54,46.15,6.68,7.69,0.73,12.07,10.01,7.45,3.08,0.77,1.8,2.57,1.28,1.28,0,0,1.54,0.77,2.57,1.28,3.59,2.31,8.47,6.93
56,Justin Schultz,SEA,D,13,234.1333333,18.01025641,0.26,1.28,0.51,0.77,1.54,60,5.64,4.55,0.3,14.35,9.99,2.82,0,0,0.77,0,0,0,0,0,0,0.26,0.77,1.54,4.61,2.56,0,0
644,Connor Zary,CGY,C,13,195.5333333,15.04102564,0.61,0.92,0.31,0.61,1.53,83.33,7.36,8.33,0.58,13.19,9.51,7.36,3.07,0.92,0.61,1.84,0.92,0.92,0,0,1.23,0.92,2.15,2.15,3.38,2.15,12.27,13.81
716,Olen Zellweger,ANA,D,14,274.1333333,19.58095238,0.44,1.09,0.44,0.66,1.53,58.33,4.16,10.53,0.26,12.69,6.79,3.28,0.22,0,1.97,0.88,0.44,0.44,0,0,0.44,2.63,0.66,1.75,8.1,4.82,0,0
517,Sean Durzi,ARI,D,15,351.85,23.45666667,0.17,1.36,0.51,0.85,1.53,33.33,5.97,2.86,0.49,11.77,8.01,4.09,0.85,0.51,1.19,1.02,0.51,0.51,0,0,0.34,2.73,0.85,1.53,5.8,5.12,0,0
453,Vinni Lettieri,MIN,C,9,78.71666667,8.746296296,1.52,0,0,0,1.52,66.67,5.34,28.57,0.35,9.15,7.62,3.05,0.76,0,0.76,3.05,1.52,1.52,0,0,0,0,0.76,6.86,6.86,3.05,6.1,10.67
616,Shane Pinto,OTT,C,15,277.15,18.47666667,0.43,1.08,0.65,0.43,1.52,50,6.71,6.45,1.2,14.5,12.12,10.82,4.33,0.65,2.6,2.16,1.08,1.08,0,0,0.65,1.52,2.38,3.68,3.46,1.3,19.05,18.4
83,Tomas Tatar,SEA,L,7,79.68333333,11.38333333,0.75,0.75,0.75,0,1.51,100,7.53,10,0.51,14.31,9.04,8.28,3.01,0.75,0.75,0,0,0,0,0,1.51,0.75,1.51,2.26,5.27,0.75,0.75,0.75
143,Mike Reilly,NYI,D,15,277.35,18.49,0.43,1.08,0.43,0.65,1.51,43.75,7.36,5.88,0.39,15.58,10.82,4.76,0.65,0.22,1.3,2.16,1.08,1.08,0,0,0.22,1.95,0.43,1.3,2.38,2.81,0,0
134,Dylan DeMelo,WPG,D,15,317.6666667,21.17777778,0.19,1.32,0.19,1.13,1.51,44.44,2.64,7.14,0.1,5.29,3.4,1.32,0.19,0.38,0.38,0.38,0.19,0.19,0,0,0.38,1.13,0.38,7.37,6.99,5.48,0,0
5,Corey Perry,EDM,R,15,199.6166667,13.30777778,0.9,0.6,0.3,0.3,1.5,50,7.51,12,1,12.92,10.82,7.51,3.61,0.6,0.9,2.71,0.9,0.6,0.3,0,0.9,0.9,1.8,3.31,6.91,1.5,0,0
268,Nathan Walker,STL,L,15,159.6666667,10.64444444,0.75,0.75,0,0.75,1.5,80,4.51,16.67,0.46,9.02,6.01,4.51,1.13,0.75,0.38,2.63,0.75,0.38,0.38,0,1.13,1.13,1.13,10.52,6.39,4.51,4.89,5.26
704,Cole Sillinger,CBJ,C,15,280.35,18.69,0.43,1.07,0.64,0.43,1.5,58.33,8.56,5,0.96,14.77,11.34,7.06,3,0.86,1.5,1.28,0.64,0.64,0,0,0.21,1.71,2.57,3.21,3.42,3.85,25.04,30.6
664,Quinton Byfield,L.A,R,15,239.8333333,15.98888889,0.25,1.25,0.75,0.5,1.5,60,7,3.57,0.94,14.76,11.26,9.01,5,0.25,1.25,4,1,0.75,0,0.25,1.25,0.75,3,4.25,9.01,1,2.25,1.25
257,Bo Horvat,NYI,C,15,281.4,18.76,0.85,0.64,0.21,0.43,1.49,53.85,8.74,9.76,0.97,17.48,13.86,11.51,4.05,1.07,1.71,0.85,0.43,0.43,0,0,0.21,1.49,2.35,1.71,3.41,1.71,26.44,22.39
183,Cody Ceci,EDM,D,12,240.9666667,20.08055556,0.75,0.75,0,0.75,1.49,42.86,4.23,17.65,0.32,7.97,4.98,2.24,0.25,0,0.25,0,0,0,0,0,0,0.25,2.49,4.48,7.47,2.74,0,0
276,Tomas Nosek,N.J,L,13,200.8833333,15.4525641,0.3,1.19,1.19,0,1.49,71.43,5.67,5.26,0.65,11.95,8.66,4.78,3.88,0.9,0.9,0.6,0.3,0.3,0,0,0.3,0.6,3.29,2.09,5.08,3.29,20.91,17.32
632,Valtteri Puustinen,PIT,R,15,162.45,10.83,0.37,1.11,0.74,0.37,1.48,100,7.02,5.26,0.69,13.3,9.97,6.65,3.69,0.74,1.11,0.74,0.37,0.37,0,0,0.37,0.74,1.85,5.91,2.59,5.17,0,0.37
663,Brock Faber,MIN,D,15,363.9833333,24.26555556,0.33,1.15,0.66,0.49,1.48,56.25,5.6,5.88,0.22,8.74,6.76,2.31,0.66,0.33,0.99,0.33,0.16,0.16,0,0,0.16,0.82,0.99,1.48,3.79,2.97,0,0
582,Kyle MacLean,NYI,C,15,162.8666667,10.85777778,0.37,1.11,1.11,0,1.47,66.67,5.16,7.14,0.35,7.37,7,3.68,1.84,0.37,1.11,1.84,0.37,0,0.37,0,1.47,0.74,1.47,9.95,2.58,0.74,19.53,25.79
182,Zemgus Girgensons,BUF,L,14,163.4833333,11.67738095,0.37,1.1,0.73,0.37,1.47,80,4.04,9.09,0.6,9.18,5.87,4.4,2.94,0,2.2,0.73,0.37,0.37,0,0,0.37,1.1,1.1,12.11,7.71,3.67,10.28,15.78
184,Tom Wilson,WSH,R,9,164.3,18.25555556,0.37,1.1,0,1.1,1.46,44.44,7.3,5,0.96,13.88,10.59,8.76,3.29,1.46,2.19,6.21,2.19,1.83,0.37,0,1.83,0.73,2.56,12.42,8.76,4.02,0.37,0.37
329,Noah Hanifin,VGK,D,14,329.2666667,23.51904762,0.36,1.09,0.73,0.36,1.46,38.1,5.47,6.67,0.25,12.57,8.02,3.1,0.36,0.18,0.36,0.36,0.18,0.18,0,0,0,0.91,2.19,2,6.01,4.74,0,0
622,Jordan Spence,L.A,D,15,205.8166667,13.72111111,0.29,1.17,0.87,0.29,1.46,55.56,4.37,6.67,0.21,9.62,5.54,3.5,0.87,0,0.29,1.75,0.58,0.58,0,0,0.87,0.29,0.29,4.37,6.41,2.33,0,0
585,Blake Lizotte,L.A,C,15,207.4333333,13.82888889,0.58,0.87,0.87,0,1.45,45.45,5.5,10.53,0.49,8.39,6.94,4.63,2.31,0,0.29,2.31,0.87,0.87,0,0,0.87,0.29,1.16,5.21,8.1,2.02,12.15,14.75
256,Darnell Nurse,EDM,D,14,290.1333333,20.72380952,0.21,1.24,0.41,0.83,1.45,58.33,7.24,2.86,0.31,16.96,10.55,5.17,0.83,0.83,1.86,6.82,1.45,0.83,0.21,0.41,0.62,2.07,0.83,5.38,2.69,3.72,0,0
144,Boone Jenner,CBJ,C,6,124.8833333,20.81388889,0.48,0.96,0.48,0.48,1.44,75,5.77,8.33,0.62,12.01,9.13,6.73,1.44,0.96,0.48,0.96,0.48,0.48,0,0,0,0.96,2.4,8.17,2.4,2.88,31.71,24.98
594,Nils Hoglander,VAN,L,15,210.2,14.01333333,1.14,0.29,0.29,0,1.43,50,6.28,18.18,1.45,12.27,10.85,9.99,7.14,0.86,1.14,1.71,0.86,0.86,0,0,1.43,0,1.43,9.99,5.99,0.29,0,0
619,Simon Holmstrom,NYI,R,9,125.7666667,13.97407407,0.95,0.48,0.48,0,1.43,60,5.25,18.18,0.57,13.84,9.06,8.11,3.82,0.48,0.48,0.95,0.48,0.48,0,0,0.95,1.43,2.39,2.86,4.77,3.82,0,0.48
209,Connor Brown,EDM,R,14,167.8833333,11.99166667,0.71,0.71,0.71,0,1.43,80,6.43,11.11,0.59,9.29,8.58,5,2.5,0,0.71,1.43,0.36,0.36,0,0,0.36,0.71,3.57,2.5,6.43,1.07,0.36,1.43
200,Damon Severson,CBJ,D,15,335.8333333,22.38888889,0.54,0.89,0.54,0.36,1.43,44.44,4.11,13.04,0.24,8.93,5.18,3.75,1.07,0.36,0.54,1.79,0.89,0.89,0,0,0.36,0.71,2.32,1.97,1.79,3.22,0,0
560,Connor Dewar,TOR,C,13,167.5666667,12.88974359,0.36,1.07,0.72,0.36,1.43,80,5.37,6.67,0.32,10.74,8.59,4.65,1.07,0.36,1.07,2.15,1.07,1.07,0,0,0.36,0.72,0.36,7.88,6.45,2.86,1.79,2.15
611,Connor McMichael,WSH,C,15,253.2166667,16.88111111,0.95,0.47,0.47,0,1.42,66.67,4.98,19.05,0.85,10.66,6.63,6.4,2.84,0.47,1.66,0.47,0.24,0.24,0,0,0.24,0.95,2.13,2.84,4.98,1.66,21.56,25.83
448,Mathieu Olivier,CBJ,R,15,210.5333333,14.03555556,0.57,0.85,0.57,0.28,1.42,71.43,5.13,11.11,0.6,7.41,6.27,4.27,2.85,0,1.71,5.41,1.42,0.57,0.85,0,1.14,1.14,1.14,14.53,4.56,3.7,0.57,1.42
437,Brandon Duhaime,COL,R,15,169.0833333,11.27222222,0.35,1.06,1.06,0,1.42,44.44,5.68,6.25,0.87,12.77,9.94,7.81,4.61,0.71,1.42,1.42,0.71,0.71,0,0,0,0.71,1.06,15.97,4.97,2.48,0,0
472,Eeli Tolvanen,SEA,R,14,211.6666667,15.11904762,0.28,1.13,0.85,0.28,1.42,83.33,4.54,6.25,0.52,10.49,7.09,6.52,1.7,0.57,0.28,1.13,0.57,0.57,0,0,0.57,1.13,1.7,11.06,3.4,2.27,0.57,1.7
498,David Kampf,TOR,C,15,212.2833333,14.15222222,0.57,0.85,0.28,0.57,1.41,83.33,4.24,13.33,0.42,5.94,5.09,2.83,1.98,0.57,1.41,0.57,0.28,0.28,0,0,0.28,1.7,1.98,4.24,7.35,2.26,26.85,28.55
322,Jake Evans,MTL,C,15,254.5166667,16.96777778,0.47,0.94,0.71,0.24,1.41,75,2.83,16.67,0.22,5.66,3.77,2.59,1.18,0.24,0,0.94,0.47,0.47,0,0,0.71,0.71,0.71,3.06,4.24,2.36,32.06,28.29
678,Landon Slaggert,CHI,L,15,169.7,11.31333333,0.35,1.06,0.35,0.71,1.41,50,4.95,7.14,0.53,8.84,7.07,6.01,2.83,0,0,1.41,0.71,0.71,0,0,1.41,0.71,1.77,4.95,4.6,1.77,0,1.77
19,Ryan Reaves,TOR,R,10,85.93333333,8.593333333,0.7,0.7,0.7,0,1.4,50,4.19,16.67,0.77,9.08,8.38,5.59,4.19,0,0,6.98,1.4,0,1.4,0,2.09,0.7,1.4,27.23,9.78,2.09,0,0
404,Ryan Lindgren,NYR,D,11,214.9833333,19.54393939,0.28,1.12,0.56,0.56,1.4,35.71,3.91,7.14,0.28,7.81,5.02,2.79,0.56,0,0.56,1.67,0.84,0.84,0,0,0.84,0.56,0.84,4.19,5.02,4.47,0,0
470,Jesper Boqvist,BOS,C,15,173.6333333,11.57555556,0.69,0.69,0,0.69,1.38,80,5.18,13.33,0.4,7.26,6.22,4.49,3.11,0.69,0.69,0.69,0.35,0.35,0,0,0.35,1.38,2.42,9.33,8.64,1.38,3.46,7.95
642,Mitchell Chaffee,T.B,R,11,130.75,11.88636364,0.46,0.92,0,0.92,1.38,50,5.05,9.09,0.66,11.01,7.8,9.18,5.05,0,1.84,0,0,0,0,0,1.38,0.46,0,16.52,8.72,3.21,0,1.38
27,Claude Giroux,OTT,R,15,304.3,20.28666667,0.39,0.99,0.39,0.59,1.38,58.33,5.32,7.41,0.49,9.27,7.1,4.53,0.99,0.39,0.39,0.79,0.39,0.39,0,0,0.79,2.37,1.97,1.77,1.58,1.18,23.07,15.18
119,Erik Gudbranson,CBJ,D,15,307,20.46666667,0.39,0.98,0.39,0.59,1.37,77.78,4.1,9.52,0.09,9.38,6.06,2.15,0,0,0.98,2.93,1.17,0.98,0.2,0,0.59,1.56,0.98,3.13,3.13,6.06,0,0
105,Evgeny Kuznetsov,CAR,C,15,218.7,14.58,0.27,1.1,0.55,0.55,1.37,50,3.84,7.14,0.63,12.07,8.23,5.76,2.19,0.27,0.82,1.1,0.55,0.55,0,0,0.55,1.92,1.37,2.74,1.1,1.37,16.46,23.32
398,Brandon Tanev,SEA,L,15,219.8833333,14.65888889,0.27,1.09,0.55,0.55,1.36,83.33,5.73,4.76,0.71,9.55,7.91,6.55,2.73,0,0.82,4.09,1.64,1.36,0.27,0,1.64,0.55,1.36,10.91,8.73,2.73,0.27,1.64
53,Jordan Eberle,SEA,R,15,266.6333333,17.77555556,0.45,0.9,0.9,0,1.35,50,5.63,8,0.88,12.6,9.45,7.43,4.5,0.23,0.9,0.9,0.45,0.45,0,0,0.68,0.45,1.13,1.13,4.28,1.13,1.13,1.13
112,Cam Fowler,ANA,D,15,354.7,23.64666667,0.17,1.18,0.85,0.34,1.35,66.67,3.04,5.56,0.12,7.1,4.06,2.2,0,0.17,0.51,1.35,0.68,0.68,0,0,0.17,0.85,0.51,1.01,2.2,4.23,0,0
515,Sean Walker,COL,D,15,268.4333333,17.89555556,0.89,0.45,0.45,0,1.34,40,7.38,12.12,0.36,14.53,9.83,3.8,1.12,0.22,0.45,3.58,1.34,1.34,0,0,0.45,0.45,1.34,5.59,5.59,5.36,0,0
752,Leo Carlsson,ANA,C,15,269.25,17.95,0.67,0.67,0.22,0.45,1.34,54.55,6.69,10,0.58,11.36,8.25,6.69,3.12,0.45,0,0.89,0.45,0.45,0,0,0.67,1.78,4.23,0.67,2.67,2.01,15.6,27.19
365,Thomas Chabot,OTT,D,11,223.2666667,20.2969697,0.54,0.81,0.54,0.27,1.34,45.45,6.45,8.33,0.3,12.09,8.33,4.84,0.54,0,0.54,1.07,0.54,0.54,0,0,0.27,1.61,1.34,2.69,5.11,3.22,0,0
490,Pierre-Olivier Joseph,PIT,D,15,269.6,17.97333333,0.45,0.89,0.45,0.45,1.34,35.29,3.12,14.29,0.09,8.01,5.34,1.56,0,0,1.56,1.78,0.89,0.89,0,0,0.22,0.45,2.23,2.45,3.78,4.01,0,0
555,Jordan Harris,MTL,D,14,268.15,19.15357143,0.22,1.12,0.67,0.45,1.34,54.55,2.01,11.11,0.05,4.48,2.69,1.34,0,0.22,0.45,0.9,0.45,0.45,0,0,0.67,1.34,0.9,2.01,9.17,6.94,0,0
130,Michael Sgarbossa,WSH,C,9,91.11666667,10.12407407,0.66,0.66,0.66,0,1.32,66.67,3.95,16.67,0.69,7.9,7.24,5.27,3.95,0.66,1.32,0,0,0,0,0,0,3.29,0,4.61,8.56,0.66,5.27,2.63
510,Olle Lycksell,PHI,R,9,90.96666667,10.10740741,0.66,0.66,0.66,0,1.32,100,10.55,6.25,1.87,16.49,15.17,12.53,10.55,0,4.62,0,0,0,0,0,0,1.98,0,1.98,7.26,0.66,0.66,0
589,Peyton Krebs,BUF,C,15,182.0666667,12.13777778,0.33,0.99,0.33,0.66,1.32,66.67,3.95,8.33,0.37,6.92,5.6,3.63,0.66,0,0,3.3,1.32,1.32,0,0,0.33,0.66,0.66,13.18,8.24,0.66,17.14,25.38
532,Isac Lundestrom,ANA,C,15,227.4833333,15.16555556,0.26,1.06,0.79,0.26,1.32,55.56,3.43,7.69,0.58,6.59,6.59,4.75,3.17,0.26,0.26,0.53,0.26,0.26,0,0,0.26,0.26,1.06,5.01,3.69,3.43,22.95,30.33
647,Marco Rossi,MIN,C,15,274.2666667,18.28444444,0.88,0.44,0.44,0,1.31,60,6.34,13.79,0.63,10.5,8.31,7.44,3.5,0.22,0.44,0.44,0.22,0.22,0,0,1.09,0,1.53,1.97,2.63,1.31,15.53,20.13
85,Dmitry Orlov,CAR,D,15,277.7166667,18.51444444,0.65,0.65,0,0.65,1.3,46.15,6.05,10.71,0.34,15.12,10.37,4.1,0.65,0.43,0.65,0.43,0.22,0.22,0,0,0.43,0.65,0.86,3.46,3.46,3.24,0,0
513,Morgan Barron,WPG,C,14,138.5333333,9.895238095,0.43,0.87,0.87,0,1.3,50,5.2,8.33,0.58,9.53,7.8,6.06,3.46,0,0.87,4.76,1.73,1.3,0.43,0,0.87,0.43,2.6,11.26,6.06,2.17,15.59,15.16
26,Jeff Petry,DET,D,15,277.3166667,18.48777778,0.22,1.08,0.65,0.43,1.3,40,3.89,5.56,0.13,9.09,5.63,1.95,0,0,1.08,1.95,0.65,0.43,0.22,0,0.65,1.95,0,8.65,4.54,4.76,0,0
28,Jordan Staal,CAR,C,13,186.1666667,14.32051282,0.64,0.64,0.32,0.32,1.29,50,6.12,10.53,1,13.21,10.31,8.38,5.16,0.97,3.22,0.64,0.32,0.32,0,0,0.32,0.64,0.97,4.51,4.83,2.58,38.68,28.36
132,Ondrej Palat,N.J,L,15,233.3166667,15.55444444,0.51,0.77,0.26,0.51,1.29,83.33,4.89,10.53,0.56,10.03,7.71,5.66,2.31,0.77,0.51,1.03,0.51,0.51,0,0,0.77,1.03,0.77,3.09,4.89,1.03,0.26,0.26
639,Tye Kartye,SEA,L,15,187.4666667,12.49777778,0.96,0.32,0,0.32,1.28,57.14,6.4,15,0.65,13.12,9.28,7.36,2.24,0,0.96,0.64,0.32,0.32,0,0,1.92,1.6,1.28,20.8,6.08,2.56,2.88,1.92
494,Alexandre Texier,CBJ,C,15,282.3,18.82,0.43,0.85,0.43,0.43,1.28,46.15,4.89,8.7,0.43,11.05,7.65,3.61,1.49,0.43,0.85,2.98,1.49,1.49,0,0,0,0.64,0.85,3.4,1.49,1.7,0.21,0.43
391,Mason Appleton,WPG,C,15,236.6333333,15.77555556,0.51,0.76,0.25,0.51,1.27,71.43,4.82,10.53,0.49,9.64,6.85,5.07,1.77,0,1.52,0,0,0,0,0,0.76,1.01,0.51,4.56,6.09,2.03,0.76,0.25
586,Brett Leason,ANA,R,15,189.1666667,12.61111111,0.32,0.95,0.32,0.63,1.27,100,5.39,5.88,0.47,10.78,8.56,2.85,1.9,0.32,1.27,0.63,0.32,0.32,0,0,0.32,0.63,2.54,7.93,6.98,4.76,1.9,1.59
339,Jordan Greenway,BUF,L,13,236.35,18.18076923,0.25,1.02,0.76,0.25,1.27,41.67,6.6,3.85,0.64,12.19,8.63,6.09,3.3,0.51,1.52,5.84,1.52,1.02,0.25,0.25,1.02,0.51,1.52,8.38,3.3,3.55,0.51,1.02
51,Tyler Myers,VAN,D,15,284.3833333,18.95888889,0.21,1.05,0.63,0.42,1.27,50,5.49,3.85,0.21,11.6,6.96,2.53,0.42,0.21,1.05,2.95,1.48,1.48,0,0,0.21,1.27,0.84,5.06,4.01,4.64,0,0
291,Robby Fabbri,DET,C,15,189.9666667,12.66444444,0.63,0.63,0.32,0.32,1.26,40,6.95,9.09,1.03,12.63,9.48,10.11,4.11,0.63,0.63,1.9,0.95,0.95,0,0,0.63,0.63,0.95,8.21,5.69,2.21,5.37,2.21
270,Conor Sheary,T.B,L,8,95.31666667,11.91458333,0.63,0.63,0,0.63,1.26,50,4.41,14.29,0.44,6.29,4.41,3.78,2.52,0,0,2.52,1.26,1.26,0,0,0.63,0.63,5.67,1.26,6.92,1.89,1.89,3.15
362,Anthony Beauvillier,NSH,L,12,142.75,11.89583333,0.42,0.84,0.42,0.42,1.26,50,10.51,4,1.16,15.55,13.03,7.99,4.2,0,1.26,0.84,0.42,0.42,0,0,1.26,1.26,1.68,4.2,3.78,3.36,0.42,1.26
537,Jesperi Kotkaniemi,CAR,C,12,142.8333333,11.90277778,0.42,0.84,0.84,0,1.26,42.86,5.46,7.69,0.51,12.6,7.98,5.04,0.84,0.42,0.84,0,0,0,0,0,0,0.42,1.68,2.52,5.46,1.68,15.12,8.4
46,Drew Doughty,L.A,D,15,385.35,25.69,0.16,1.09,0.31,0.78,1.25,40,3.43,4.55,0.23,8.25,4.67,2.65,0.47,0,0.93,0.93,0.47,0.47,0,0,0.62,0.78,0.31,3.11,3.58,2.8,0,0
562,Pontus Holmberg,TOR,R,15,192.85,12.85666667,0.93,0.31,0.31,0,1.24,30.77,4.98,18.75,0.61,6.53,6.53,5.6,3.11,0,0.62,0.62,0.31,0.31,0,0,0.93,1.24,0.93,6.53,11.51,4.36,13.38,19.6
213,Liam O'Brien,ARI,C,15,144.6333333,9.642222222,0.83,0.41,0.41,0,1.24,60,9.96,8.33,0.99,14.1,12.45,8.71,3.73,1.24,0,8.3,1.24,0,0.83,0.41,1.66,0.41,1.24,24.06,7.05,3.73,0,1.24
514,Carson Meyer,CBJ,R,11,97.15,8.831818182,0.62,0.62,0.62,0,1.24,66.67,3.71,16.67,0.42,9.26,5.56,2.47,0.62,1.24,0.62,0,0,0,0,0,1.24,0.62,1.24,16.06,8.65,0,0,0
497,Alex Iafallo,WPG,L,15,193.1666667,12.87777778,0.31,0.93,0.93,0,1.24,40,3.42,9.09,0.33,8.08,5.9,3.42,1.55,0.62,0.93,0.62,0.31,0.31,0,0,0.31,2.17,0.93,3.42,4.97,2.8,0,0
325,Darren Raddysh,T.B,D,15,293.4833333,19.56555556,0.2,1.02,0.41,0.61,1.23,28.57,4.29,4.76,0.16,8.18,5.52,2.04,0.2,0.82,0.82,1.23,0.61,0.61,0,0,0.2,1.43,1.02,2.86,5.32,5.72,0,0
2,Jeff Carter,PIT,C,11,147.1,13.37272727,0.82,0.41,0.41,0,1.22,50,5.71,14.29,0.81,11.42,8.97,7.75,4.49,0.41,1.63,0,0,0,0,0,0.41,0.41,0.41,4.89,2.04,2.86,33.04,20.8
347,Christian Fischer,DET,R,15,197.0833333,13.13888889,0.61,0.61,0.61,0,1.22,80,5.18,11.76,0.67,9.44,7.92,5.78,2.74,0,1.22,1.22,0.61,0.61,0,0,0.3,1.22,0,8.52,3.35,1.83,0.61,2.13
411,Sam Steel,DAL,C,15,196.6333333,13.10888889,0.61,0.61,0.61,0,1.22,66.67,6.71,9.09,0.46,10.07,9.15,4.27,2.44,0.61,0.61,0.61,0.31,0.31,0,0,1.22,1.22,2.44,4.27,8.54,1.53,3.36,6.41
547,Noah Dobson,NYI,D,12,246.2833333,20.52361111,0.49,0.73,0.49,0.24,1.22,38.46,5.12,9.52,0.16,13.4,6.82,2.68,0.24,0.73,0.24,0.97,0.49,0.49,0,0,0.24,1.46,0.73,1.95,5.12,5.12,0,0
583,Jacob Lucchini,MIN,C,14,147.0666667,10.5047619,0.41,0.82,0,0.82,1.22,75,3.26,12.5,0.4,9.79,6.12,5.71,1.22,0,1.22,4.08,0.41,0,0,0.41,0,0.82,0.41,2.45,5.3,2.86,8.57,12.24
598,Moritz Seider,DET,D,15,347.1833333,23.14555556,0.35,0.86,0.35,0.52,1.21,36.84,5.18,6.67,0.17,8.64,6.91,1.56,0,0.52,0.35,1.21,0.35,0.17,0.17,0,0.52,1.9,0.69,9.16,2.77,8.99,0,0
681,Marat Khusnutdinov,MIN,C,15,197.8666667,13.19111111,0.3,0.91,0,0.91,1.21,80,1.82,16.67,0.34,6.37,4.85,3.64,1.82,0.61,0,1.82,0.91,0.91,0,0,0.91,0.91,2.12,4.25,3.64,1.52,13.04,15.46
422,Boris Katchouk,OTT,L,15,149.6833333,9.978888889,0.8,0.4,0,0.4,1.2,75,7.22,11.11,0.49,17.24,9.62,8.02,2.41,2,1.2,0,0,0,0,0,0,2,0.8,8.02,4.01,0.4,0.8,1.2
604,John Beecher,BOS,C,13,149.7166667,11.51666667,0.8,0.4,0.4,0,1.2,100,4.41,18.18,0.82,7.21,6.01,5.61,4.81,0.4,1.2,3.61,1.2,0.8,0.4,0,0.4,0.8,1.2,9.22,10.02,3.61,26.05,19.64
414,Trent Frederic,BOS,C,15,200.15,13.34333333,0.3,0.9,0.6,0.3,1.2,66.67,6.6,4.55,1.15,13.49,10.79,8.39,4.8,0.3,2.1,3.3,1.2,0.9,0.3,0,1.8,2.1,1.2,11.99,7.19,3,7.19,9.89
735,Pavel Mintyukov,ANA,D,7,150.8333333,21.54761905,0.4,0.8,0.4,0.4,1.19,60,4.38,9.09,0.12,6.76,5.17,0.8,0,0,0.8,0.8,0.4,0.4,0,0,0.4,0.4,1.19,5.17,1.99,2.78,0,0
262,Ryan Pulock,NYI,D,15,352.7666667,23.51777778,0.17,1.02,0.68,0.34,1.19,41.18,3.91,4.35,0.19,10.38,6.63,2.38,0.17,0,1.36,0,0,0,0,0,0.17,1.36,0.51,2.55,2.21,5.78,0,0
117,Jeff Skinner,BUF,L,15,204.05,13.60333333,0.88,0.29,0.29,0,1.18,50,9.41,9.38,0.9,19.11,13.23,10,3.23,0.29,0.88,1.76,0.88,0.88,0,0,0.88,2.06,1.76,2.65,5.29,0.88,2.65,3.53
432,Alexander Nylander,CBJ,L,12,203.9,16.99166667,0.88,0.29,0,0.29,1.18,36.36,6.77,13.04,0.87,15.01,11.18,7.65,3.83,0.29,2.35,1.77,0.88,0.88,0,0,0.29,1.18,1.77,2.65,2.06,1.47,1.47,1.47
390,Vladislav Gavrikov,L.A,D,15,305.6166667,20.37444444,0.39,0.79,0.2,0.59,1.18,30,3.93,10,0.21,7.26,5.5,2.36,0.59,0,0.39,1.96,0.2,0,0,0.2,0,2.36,0.98,1.18,2.16,5.89,0,0
633,Zac Jones,NYR,D,9,152.9,16.98888889,0.39,0.78,0.39,0.39,1.18,42.86,7.46,5.26,0.34,10.6,9.03,3.53,0.78,0,0.39,1.57,0.78,0.78,0,0,0,1.57,1.96,3.14,4.32,1.96,0,0
512,Alexey Toropchenko,STL,R,15,203.6333333,13.57555556,0.29,0.88,0.88,0,1.18,66.67,7.07,4.17,1.26,10.02,9.13,7.96,6.78,0,1.77,0.59,0.29,0.29,0,0,0.29,0.59,1.77,12.96,5.3,4.42,0,0
417,Tyson Jost,BUF,C,11,102.8666667,9.351515152,0.58,0.58,0,0.58,1.17,66.67,8.17,7.14,0.84,14.58,11.67,8.75,3.5,0.58,1.75,0,0,0,0,0,0.58,0.58,1.75,8.75,11.67,4.08,19.25,18.66
36,Brendan Smith,N.J,D,15,307.25,20.48333333,0.39,0.78,0,0.78,1.17,40,2.93,13.33,0.21,6.64,4.49,3.32,0.59,0.2,0.78,1.95,0.98,0.98,0,0,0.59,1.95,0.39,5.08,6.05,7.03,0,0
330,Rasmus Andersson,CGY,D,15,357.7166667,23.84777778,0.34,0.84,0.34,0.5,1.17,50,5.2,6.45,0.26,11.24,8.05,2.18,0.5,0.17,1.34,1.01,0.5,0.5,0,0,1.01,1.51,1.01,1.01,1.51,6.21,0,0
655,Jake Sanderson,OTT,D,15,359.6166667,23.97444444,0.33,0.83,0.33,0.5,1.17,29.17,3.84,8.7,0.29,8.34,5.67,2.17,0.17,0,0.5,0.67,0.33,0.33,0,0,0.17,2.34,1.17,2.17,6.17,3.67,0.17,0
45,Lars Eller,PIT,C,15,257.5833333,17.17222222,0.23,0.93,0.7,0.23,1.16,71.43,4.43,5.26,0.68,10.71,7.22,6.06,1.86,0.47,1.4,0,0,0,0,0,1.16,1.86,2.33,1.4,4.19,3.73,22.59,22.83
238,Michael McCarron,NSH,R,15,208.4166667,13.89444444,0.86,0.29,0,0.29,1.15,80,8.06,10.71,0.81,11.52,10.08,6.33,2.88,1.15,0.86,2.59,0.86,0.58,0.29,0,0.58,1.44,2.02,9.5,6.91,5.18,28.79,21.3
375,Yakov Trenin,COL,C,13,156.4,12.03076923,0.77,0.38,0,0.38,1.15,75,6.14,12.5,0.77,11.89,9.59,5.37,3.45,0,0.77,0.77,0.38,0.38,0,0,0.77,1.15,3.07,11.13,4.6,2.69,24.17,30.31
519,Parker Kelly,OTT,L,15,208.2333333,13.88222222,0.58,0.58,0.29,0.29,1.15,50,6.34,9.09,0.67,13.25,8.36,5.19,1.44,0.86,1.44,2.31,1.15,1.15,0,0,1.73,1.44,2.31,9.8,10.66,4.03,0.86,2.02
202,Teddy Blueger,VAN,C,15,209.4166667,13.96111111,0.29,0.86,0.57,0.29,1.15,44.44,5.16,5.56,0.79,10.31,8.31,6.88,5.44,0,1.72,2.29,1.15,1.15,0,0,0.57,0.29,0.86,6.59,3.44,2.58,19.2,15.47
699,Owen Power,BUF,D,15,364.6,24.30666667,0.16,0.99,0.33,0.66,1.15,33.33,3.62,4.55,0.19,7.9,5.6,2.8,0.49,0,0.82,2.3,0.49,0.33,0,0.16,0,0.82,0.33,1.48,3.78,4.11,0,0
657,Dawson Mercer,N.J,C,15,265.3833333,17.69222222,0.68,0.45,0.23,0.23,1.13,62.5,5.2,13.04,0.72,10.17,7.69,6.1,2.94,0.23,0.9,4.3,0.9,0.45,0.23,0.23,1.36,1.13,2.03,1.58,6.56,0.45,0.23,1.81
78,Dmitry Kulikov,FLA,D,13,211.9,16.3,0.28,0.85,0.28,0.57,1.13,33.33,3.68,7.69,0.18,8.49,6.23,1.42,0,0,0.57,2.55,0.85,0.57,0.28,0,0.57,1.98,0.57,7.36,7.65,3.96,0,0
454,Mason Shaw,MIN,C,13,108.5666667,8.351282051,0.55,0.55,0.55,0,1.11,50,7.18,7.69,0.45,11.05,8.84,4.42,2.76,1.11,0.55,10.5,2.21,1.11,0.55,0.55,0.55,0.55,0,9.95,8.84,2.76,2.21,0
570,Spencer Stastney,NSH,D,10,162.05,16.205,0.37,0.74,0.37,0.37,1.11,42.86,1.85,20,0.1,7.78,4.07,1.85,0.37,0,0,0,0,0,0,0,0,1.48,0.74,0,2.96,4.81,0,0
369,Joel Eriksson Ek,MIN,C,11,217.3,19.75454545,0.28,0.83,0.28,0.55,1.1,20,9.66,2.86,1.71,14.08,12.98,11.04,8.28,0,2.21,2.21,1.1,1.1,0,0,0.83,0.83,1.38,4.14,1.38,2.49,30.92,28.72
621,Jackson LaCombe,ANA,D,14,273.4333333,19.53095238,0.22,0.88,0.44,0.44,1.1,45.45,1.76,12.5,0.18,4.83,3.51,1.32,0.44,0,1.1,1.32,0.66,0.66,0,0,0.22,1.97,2.19,1.1,5.27,5.71,0,0
579,Brayden Pachal,CGY,D,15,219.7166667,14.64777778,0.27,0.82,0.82,0,1.09,80,4.37,6.25,0.16,10.92,6.28,1.64,0.55,0.27,0.55,3.28,1.64,1.64,0,0,1.37,1.64,0.27,7.92,7.37,5.73,0,0
133,Josh Manson,COL,D,15,274.2166667,18.28111111,0.22,0.88,0.66,0.22,1.09,41.67,6.35,3.45,0.26,14.22,8.31,4.59,0.66,0.44,1.31,3.94,1.31,0.88,0.44,0,1.31,2.19,3.06,7.88,4.16,4.59,0,0
397,Kevin Rooney,CGY,C,15,170.5333333,11.36888889,0.7,0.35,0,0.35,1.06,37.5,4.93,14.29,0.43,7.39,5.98,3.17,1.41,0.35,0.7,0.7,0.35,0.35,0,0,0.35,0.7,1.06,10.56,3.52,3.87,16.18,18.3
111,Kevin Hayes,STL,R,12,169.8,14.15,0.35,0.71,0,0.71,1.06,50,9.54,3.7,1.05,15.19,12.72,6.71,3.53,0.71,1.41,0,0,0,0,0,1.41,2.12,2.12,1.77,0.71,0,24.38,15.9
691,Matthew Kessel,STL,D,14,226.5833333,16.18452381,0.26,0.79,0.53,0.26,1.06,36.36,2.12,12.5,0.15,6.88,4.24,2.91,0.53,0,1.06,1.06,0.53,0.53,0,0,0,1.59,1.85,4.24,4.5,3.71,0,0
167,Barclay Goodrow,NYR,C,15,170.9333333,11.39555556,1.05,0,0,0,1.05,60,4.91,21.43,0.45,8.07,6.32,3.16,2.81,0,0.35,11.58,3.86,3.16,0.35,0.35,2.11,0.7,2.11,9.13,3.51,3.51,24.22,21.06
526,Joel Farabee,PHI,L,15,228.0166667,15.20111111,0.79,0.26,0.26,0,1.05,80,7.37,10.71,0.95,13.95,11.31,8.95,5.26,0.26,1.05,0.53,0.26,0.26,0,0,0.26,1.32,1.58,2.89,4.74,0.79,0.53,2.89
602,Bobby Brink,PHI,R,13,171.1333333,13.16410256,0.7,0.35,0,0.35,1.05,75,6.66,10.53,1.02,12.97,9.82,7.36,4.21,0.35,0.7,0.7,0.35,0.35,0,0,0.7,0.7,0.7,5.26,5.96,2.1,0.35,0
710,Mason McTavish,ANA,C,8,115.7,14.4625,1.04,0,0,0,1.04,50,4.67,22.22,0.73,13.48,8.82,7.78,4.15,0.52,0.52,3.11,1.56,1.56,0,0,1.56,0.52,2.07,5.7,5.19,1.04,20.22,24.37
395,Mason Marchment,DAL,L,15,231.3833333,15.42555556,0.78,0.26,0,0.26,1.04,44.44,8.3,9.38,1.12,17.11,13.48,11.15,4.93,0.26,2.59,2.07,1.04,1.04,0,0,0.78,2.07,2.59,3.11,7.26,2.59,0.26,0
312,Sam Lafferty,VAN,C,15,173.7333333,11.58222222,0.69,0.35,0,0.35,1.04,60,4.83,14.29,0.69,10.71,8.63,6.22,3.11,0.35,0.35,0.69,0.35,0.35,0,0,0.35,0.69,1.38,20.38,6.91,1.38,7.94,12.09
237,Andre Burakovsky,SEA,L,15,233.6166667,15.57444444,0.77,0.26,0,0.26,1.03,40,8.48,9.09,0.93,15.92,11.56,8.48,2.83,0.26,1.03,1.03,0.51,0.51,0,0,1.03,0.77,1.8,0.51,4.37,0.51,0.26,0
3,Zach Parise,COL,L,15,175.3666667,11.69111111,0.34,0.68,0,0.68,1.03,75,6.84,5,0.88,10.26,7.53,6.84,5.13,0.68,2.05,2.05,1.03,1.03,0,0,0.34,1.03,1.71,3.08,2.74,4.11,1.37,5.47
665,Alexander Holtz,N.J,R,15,176.9666667,11.79777778,0.68,0.34,0,0.34,1.02,100,4.75,14.29,0.45,10.51,7.8,4.41,1.36,0.68,0.68,0,0,0,0,0,0.34,2.03,0.68,2.37,4.75,1.36,2.37,2.37
81,Brayden McNabb,VGK,D,15,293.5,19.56666667,0.2,0.82,0.41,0.41,1.02,41.67,4.7,4.35,0.18,9.4,6.13,2.66,0.41,0,1.23,2.25,0.82,0.61,0.2,0,0.41,1.43,1.43,6.75,8.18,6.95,0,0
650,Ridly Greig,OTT,C,15,237.2166667,15.81444444,0.76,0.25,0.25,0,1.01,66.67,5.06,15,0.68,11.63,8.6,6.58,3.04,0.51,0.25,5.31,2.28,2.02,0.25,0,2.78,0.51,2.28,7.84,7.59,1.26,14.67,15.93
225,Josh Brown,ARI,D,14,239.4166667,17.10119048,0.5,0.5,0.5,0,1,25,3.51,14.29,0.12,7.27,4.76,1.75,0.25,0.25,0.25,4.01,1.25,0.75,0.5,0,0.5,0.5,1,12.78,5.51,6.01,0,0
263,Nikita Zadorov,VAN,D,14,240.1666667,17.1547619,0.5,0.5,0.5,0,1,57.14,5.5,9.09,0.21,14.24,9.74,4,0.25,0.75,0.75,7.24,2.25,1.75,0.25,0.25,0.5,0.75,0,8.74,5,3.25,0,0
21,Nick Foligno,CHI,L,14,242.9833333,17.35595238,0.49,0.49,0,0.49,0.99,50,5.19,9.52,0.93,9.38,8.15,6.91,4.69,0.49,1.48,0.99,0.49,0.49,0,0,0.49,0.99,1.23,9.38,1.73,0.99,14.82,14.08
222,Connor Clifton,BUF,D,15,244.6333333,16.30888889,0.49,0.49,0.49,0,0.98,40,2.94,16.67,0.27,7.36,4.66,2.45,0.25,0.25,0.98,2.7,0.98,0.74,0.25,0,0,0.74,0.98,8.34,8.83,6.38,0,0
301,Brandon Montour,FLA,D,15,366.8166667,24.45444444,0.33,0.65,0.16,0.49,0.98,33.33,5.72,5.71,0.32,13.58,9.32,3.43,1.14,0.16,0.82,2.29,0.49,0.33,0,0.16,0.33,2.13,0.82,5.23,4.42,2.78,0,0
366,Mathieu Joseph,OTT,R,15,243.7166667,16.24777778,0.25,0.74,0.74,0,0.98,80,6.4,3.85,0.88,12.31,10.09,7.14,2.95,0.74,0.98,0.98,0.49,0.49,0,0,1.48,2.46,4.43,4.68,4.19,2.71,0,1.72
608,Henry Thrun,S.J,D,15,306.1166667,20.40777778,0.2,0.78,0.59,0.2,0.98,50,1.57,12.5,0.09,5.29,3.33,1.96,0.2,0,0.2,1.18,0.59,0.59,0,0,0.59,1.37,0.98,1.18,3.14,4.31,0,0
240,Jason Dickinson,CHI,C,15,248.0833333,16.53888889,0.97,0,0,0,0.97,50,4.6,21.05,0.45,8.71,6.29,5.08,1.93,0.24,0.48,1.45,0.73,0.73,0,0,0.97,1.69,2.18,7.26,4.11,3.87,23.7,24.91
141,Blake Coleman,CGY,C,11,185.95,16.90454545,0.65,0.32,0,0.32,0.97,75,10.33,6.25,1.52,19.68,15.17,12.91,5.81,0.97,2.9,0.65,0.32,0.32,0,0,0.97,0.65,1.61,6.78,2.58,2.26,2.26,0.97
292,Kasperi Kapanen,STL,R,14,185.0833333,13.2202381,0.32,0.65,0.65,0,0.97,75,5.19,6.25,0.38,10.7,7.78,4.86,1.95,0.65,0.32,1.3,0.65,0.65,0,0,0.65,0.97,2.27,5.84,1.62,0.97,0.32,0.65
107,Jon Merrill,MIN,D,15,187.3166667,12.48777778,0.32,0.64,0.64,0,0.96,75,3.84,8.33,0.28,6.73,4.48,1.6,0.96,0.32,0.96,0,0,0,0,0,0.64,0.64,0.32,1.6,4.48,6.41,0,0
253,Seth Jones,CHI,D,15,378.8333333,25.25555556,0.63,0.32,0.16,0.16,0.95,30,5.7,11.11,0.31,11.25,8.39,3.8,0.32,0.48,0.79,0.95,0.48,0.48,0,0,0.16,2.06,1.43,4.75,2.69,3.48,0,0
62,Matt Martin,NYI,L,13,127.9833333,9.844871795,0.47,0.47,0.47,0,0.94,40,5.16,9.09,0.54,9.85,7.5,6.09,2.34,0,0.47,5.63,1.41,0.47,0.94,0,1.88,0.94,1.41,10.78,5.16,5.16,1.41,0.94
401,Luke Kunin,S.J,C,15,257.4666667,17.16444444,0.7,0.23,0.23,0,0.93,57.14,3.96,17.65,0.45,9.09,6.29,5.36,2.56,0,0.7,6.99,2.1,1.17,0.93,0,2.33,0.7,1.4,9.32,4.19,2.56,20.04,17.48
205,Andreas Athanasiou,CHI,C,15,193.9,12.92666667,0.62,0.31,0,0.31,0.93,42.86,5.88,10.53,0.48,9.9,8.05,3.71,1.86,0.31,1.55,2.17,0.62,0.31,0.31,0,1.24,1.55,2.78,1.86,1.86,5.57,17.02,19.49
692,Daniil Miromanov,CGY,D,15,322.1333333,21.47555556,0.19,0.75,0.37,0.37,0.93,38.46,4.66,4,0.35,13.22,8.57,3.35,0.75,0,1.68,1.49,0.75,0.75,0,0,0,1.68,1.12,0.93,1.49,3.73,0,0
7,Mark Giordano,TOR,D,8,130.1333333,16.26666667,0.92,0,0,0,0.92,25,5.99,15.38,0.29,12.91,8.76,1.84,0.46,0,0.46,7.38,1.84,1.38,0,0.46,0,2.31,0.46,4.15,6.92,4.61,0,0
456,Kailer Yamamoto,SEA,R,5,64.96666667,12.99333333,0.92,0,0,0,0.92,33.33,6.46,14.29,0.53,8.31,6.46,6.46,1.85,0,1.85,1.85,0.92,0.92,0,0,0.92,0,2.77,4.62,8.31,0,10.16,21.24
24,Trevor Lewis,L.A,C,15,195.7166667,13.04777778,0.31,0.61,0.61,0,0.92,42.86,5.52,5.56,0.58,8.28,7.05,3.68,3.37,0.31,0.92,0,0,0,0,0,0.61,0.61,0.61,6.44,6.44,4.6,8.28,8.28
520,Pius Suter,VAN,C,14,197.7333333,14.12380952,0.3,0.61,0.61,0,0.91,50,6.68,4.55,1.03,11.83,9.41,9.1,5.77,0.61,0.91,0.61,0.3,0.3,0,0,0.3,0.3,2.43,5.46,2.43,2.12,7.59,5.16
235,Andrew Copp,DET,C,13,200.3333333,15.41025641,0.9,0,0,0,0.9,37.5,3.59,25,0.41,7.79,5.99,4.19,1.5,0,0.9,2.4,1.2,1.2,0,0,0.3,0.9,1.5,2.1,4.49,3.59,29.35,26.66
500,Jan Rutta,S.J,D,13,266.6,20.50769231,0.45,0.45,0.23,0.23,0.9,44.44,2.93,15.38,0.27,7.88,4.28,1.8,0,0.23,1.13,0.45,0.23,0.23,0,0,0,0.9,1.13,2.48,2.93,4.5,0,0
172,Hampus Lindholm,BOS,D,15,331.6833333,22.11222222,0.36,0.54,0,0.54,0.9,35.71,4.7,7.69,0.2,9.23,6.15,2.17,0.54,0.18,1.27,1.99,0.54,0.36,0.18,0,0.36,2.53,1.81,1.45,5.97,4.52,0,0
677,Tyson Foerster,PHI,R,15,270.95,18.06333333,0.66,0.22,0.22,0,0.89,30.77,6.2,10.71,0.71,14.17,9.74,7.75,2.66,0.22,0.66,1.33,0.66,0.66,0,0,1.11,0.89,1.33,6.86,4.21,1.99,0.22,0.22
203,Jake McCabe,TOR,D,13,269.6833333,20.74487179,0.44,0.44,0.22,0.22,0.89,20,2.89,15.38,0.18,8.01,5.56,2.45,0.67,0,0.67,2.22,1.11,1.11,0,0,0.67,1.78,0.67,10.68,7.34,4.67,0,0
460,Mario Ferraro,S.J,D,15,338.4166667,22.56111111,0.35,0.53,0.18,0.35,0.89,41.67,3.37,10.53,0.1,7.98,4.79,3.19,0.35,0.18,0.53,1.06,0.53,0.53,0,0,0,0.71,1.77,3.72,2.84,4.26,0,0
635,Dmitri Voronkov,CBJ,L,14,202.45,14.46071429,0.3,0.59,0.59,0,0.89,27.27,8.3,3.57,1.14,14.23,11.85,8.3,5.63,0.3,1.78,1.19,0.59,0.59,0,0,0.3,1.78,2.07,5.63,2.07,2.07,15.71,24.3
378,Evan Rodrigues,FLA,C,15,205.2666667,13.68444444,0.58,0.29,0,0.29,0.88,42.86,9.94,5.88,0.86,22.51,15.2,9.65,3.22,0.58,2.05,2.92,1.46,1.46,0,0,1.46,2.05,1.46,8.18,8.18,1.17,0.58,1.75
298,Marcus Pettersson,PIT,D,15,345.7166667,23.04777778,0.17,0.69,0.17,0.52,0.87,20,2.43,7.14,0.15,7.12,4.69,2.6,0.52,0.35,0.35,2.08,1.04,1.04,0,0,0,1.21,0.69,5.55,9.2,5.73,0,0
573,Angus Crookshank,OTT,L,6,69.68333333,11.61388889,0.86,0,0,0,0.86,50,11.19,7.69,0.83,16.36,13.78,6.03,2.58,0,1.72,0,0,0,0,0,1.72,0.86,0.86,4.31,4.31,4.31,0,0
447,Tanner Jeannot,T.B,L,13,138.8166667,10.67820513,0.43,0.43,0,0.43,0.86,66.67,3.03,14.29,0.23,9.08,5.19,4.75,1.3,0.43,0.86,6.05,1.73,0.86,0.86,0,0.86,0.43,0.43,20.31,6.48,3.03,0.86,3.89
94,Erik Haula,N.J,L,15,281.0666667,18.73777778,0.43,0.43,0.43,0,0.85,40,6.4,6.67,1.08,12.81,9.82,7.47,5.12,0.64,1.92,1.28,0.64,0.64,0,0,0,1.28,1.49,3.2,3.84,3.42,26.26,22.63
139,Adam Lowry,WPG,C,14,218.05,15.575,0.55,0.28,0,0.28,0.83,75,5.5,10,1.02,11.56,9.08,8.25,4.95,0.83,1.93,0.55,0.28,0.28,0,0,0.55,1.1,2.75,10.46,8.53,2.48,27.79,35.5
287,Travis Sanheim,PHI,D,15,360.5833333,24.03888889,0.33,0.5,0.17,0.33,0.83,29.41,4.16,8,0.29,9.15,5.82,4.16,0.83,0,0.67,1.33,0.67,0.67,0,0,0.33,1.16,1,3,6.99,4.33,0,0
261,Alex Wennberg,NYR,C,14,217.6833333,15.54880952,0.28,0.55,0.28,0.28,0.83,33.33,2.48,11.11,0.26,5.24,3.58,2.76,1.65,0.28,0.55,0,0,0,0,0,0.55,0.55,0.83,1.65,5.51,1.65,16.81,21.5
405,Charlie McAvoy,BOS,D,15,364.0833333,24.27222222,0.49,0.33,0.16,0.16,0.82,29.41,3.96,12.5,0.29,9.23,5.6,3.96,0.82,0.16,0.16,1.32,0.66,0.66,0,0,1.32,1.65,1.48,4.94,7.42,6.43,0,0
733,Kevin Korchinski,CHI,D,15,291.5333333,19.43555556,0.41,0.41,0.41,0,0.82,50,3.5,11.76,0.11,9.26,5.76,1.65,0.21,0.21,1.03,0.82,0.41,0.41,0,0,0,2.47,0.82,1.85,4.32,3.09,0,0
69,Jakob Silfverberg,ANA,R,15,221.6333333,14.77555556,0.27,0.54,0.54,0,0.81,37.5,3.52,7.69,0.46,8.66,5.96,3.79,1.08,0.27,0.27,2.71,1.35,1.35,0,0,1.08,1.35,1.9,0.54,5.14,2.44,0.81,3.52
22,Erik Johnson,PHI,D,14,224.8166667,16.05833333,0.53,0.27,0,0.27,0.8,37.5,4,13.33,0.18,9.34,5.07,2.4,0.8,0,1.07,0.53,0.27,0.27,0,0,0,0.8,0.27,9.87,5.6,5.87,0,0
393,Matt Roy,L.A,D,15,301.2166667,20.08111111,0.4,0.4,0.4,0,0.8,20,3.78,10.53,0.18,7.77,5.18,2.39,1,0.2,0.6,2.79,0.6,0.4,0,0.2,0,1.59,0.2,2.79,6.77,7.97,0,0
394,Jalen Chatfield,CAR,D,14,231.5333333,16.53809524,0.52,0.26,0,0.26,0.78,23.08,4.41,11.76,0.18,10.11,6.74,2.85,0.26,0,2.07,1.04,0.52,0.52,0,0,0.26,1.3,0.78,1.04,7.52,3.37,0,0
327,Andrew Mangiapane,CGY,L,10,154.6833333,15.46833333,0.39,0.39,0,0.39,0.78,50,4.65,8.33,0.59,13.96,7.37,7.76,2.72,0,1.16,1.55,0.78,0.78,0,0,0,1.94,0,2.72,3.1,0.78,0.78,0
600,Cam York,PHI,D,15,386.5666667,25.77111111,0.16,0.62,0.31,0.31,0.78,26.32,5.43,2.86,0.29,10.09,8.23,2.48,0.78,0.47,0.93,1.24,0.62,0.62,0,0,0.31,0.62,0.47,2.17,5.59,5.9,0,0
676,Will Cuylle,NYR,L,14,158.75,11.33928571,0.76,0,0,0,0.76,50,8.31,9.09,0.96,14.74,12.47,9.45,4.54,0,0.76,3.4,1.13,0.76,0.38,0,2.27,1.13,0.76,13.98,6.43,1.13,0,0
689,Nils Aman,VAN,C,8,80.46666667,10.05833333,0.75,0,0,0,0.75,100,5.97,12.5,0.9,9.69,8.95,7.46,5.22,0,0.75,1.49,0.75,0.75,0,0,0.75,0,1.49,8.2,5.22,2.24,7.46,9.69
425,Noah Gregor,TOR,C,7,80.25,11.46428571,0.75,0,0,0,0.75,50,8.22,9.09,1.08,14.95,13.46,8.22,5.98,0.75,0.75,0,0,0,0,0,2.24,0,0,11.21,8.97,3.74,0,0
25,Cal Clutterbuck,NYI,R,15,162.3833333,10.82555556,0.74,0,0,0,0.74,40,5.91,12.5,0.8,8.87,7.76,7.02,4.06,0.37,1.85,1.48,0.74,0.74,0,0,0.74,0.74,0.37,16.63,3.69,2.96,0,1.48
66,Marcus Johansson,MIN,L,15,241.65,16.11,0.5,0.25,0,0.25,0.74,60,4.47,11.11,0.42,9.44,6.95,4.72,2.23,0.5,0.25,1.49,0.74,0.74,0,0,0.25,2.48,1.49,2.48,6.21,0.99,0,0
308,Michael Amadio,VGK,R,13,163.8833333,12.60641026,0.73,0,0,0,0.73,40,7.69,9.52,0.7,16.11,11.72,8.79,4.76,1.1,0.73,0.73,0.37,0.37,0,0,0.73,1.83,2.2,2.56,8.79,1.1,0.37,0.73
755,Jiri Smejkal,OTT,L,8,82.56666667,10.32083333,0.73,0,0,0,0.73,100,2.18,33.33,0.45,5.81,5.09,3.63,2.18,0,0.73,2.91,1.45,1.45,0,0,0.73,2.91,1.45,10.17,5.09,3.63,6.54,9.45
269,Joel Hanley,CGY,D,6,81.98333333,13.66388889,0.73,0,0,0,0.73,33.33,4.39,16.67,0.05,7.32,5.12,1.46,0,0,0,5.12,1.46,0.73,0.73,0,1.46,0.73,0,1.46,8.05,3.66,0,0
561,Declan Chisholm,MIN,D,15,245.4333333,16.36222222,0.49,0.24,0,0.24,0.73,33.33,3.18,15.38,0.27,9.05,4.89,3.18,1.71,0.24,0.98,2.93,0.49,0.24,0,0.24,0,1.71,0.98,0.73,3.42,4.16,0,0
346,Oliver Kylington,CGY,D,13,245.7833333,18.90641026,0.24,0.49,0,0.49,0.73,42.86,4.15,5.88,0.17,12.69,7.57,4.15,0.24,0,0.24,1.46,0.73,0.73,0,0,0,1.71,0.49,2.69,3.91,3.91,0,0
571,Jesse Ylönen,MTL,R,8,83,10.375,0.72,0,0,0,0.72,100,5.78,12.5,0.46,7.95,6.51,4.34,2.17,0,0.72,1.45,0.72,0.72,0,0,0.72,1.45,0.72,5.06,4.34,1.45,0,0.72
525,Martin Fehervary,WSH,D,15,333.9333333,22.26222222,0.18,0.54,0.18,0.36,0.72,30.77,1.26,14.29,0.06,5.93,2.52,1.8,0,0,0.54,0.36,0.18,0.18,0,0,0,0.18,0.72,10.6,8.62,5.39,0,0
533,Joe Veleno,DET,C,15,169.5166667,11.30111111,0.35,0.35,0.35,0,0.71,33.33,4.25,8.33,0.52,7.79,5.66,4.25,2.12,0.35,1.06,3.19,1.06,0.71,0.35,0,1.06,0.35,0,9.91,6.37,1.77,14.51,12.74
444,Michael Carcone,ARI,L,15,170.5666667,11.37111111,0.7,0,0,0,0.7,33.33,8.79,8,0.72,17.59,12.31,6.68,3.17,0,0.7,5.28,2.11,1.76,0.35,0,2.11,0.7,1.06,3.87,4.92,1.06,0.7,0.35
743,Nick Blankenburg,CBJ,D,6,87.33333333,14.55555556,0.69,0,0,0,0.69,33.33,4.81,14.29,0.19,10.99,7.56,2.75,0.69,0,1.37,2.75,0.69,0.69,0,0,1.37,0.69,0.69,6.18,4.12,2.06,0,0
341,Erik Cernak,T.B,D,14,262.65,18.76071429,0.23,0.46,0.23,0.23,0.69,21.43,2.28,10,0.05,5.03,3.43,0.69,0,0.69,0.46,0.46,0.23,0.23,0,0,0,0.23,1.37,12.56,2.51,5.03,0,0
274,Frederick Gaudreau,MIN,C,13,175.6833333,13.51410256,0.34,0.34,0.34,0,0.68,100,6.83,5,0.53,13.32,8.88,4.44,2.39,0.68,0.34,0.68,0.34,0.34,0,0,0.34,0.68,0.34,1.71,1.02,3.07,14.69,14.34
719,Ryker Evans,SEA,D,14,272.1333333,19.43809524,0.22,0.44,0.44,0,0.66,27.27,3.75,5.88,0.23,9.48,6.61,2.43,0.44,0.22,0.44,2.2,0.88,0.88,0,0,0.66,0.44,0.88,6.17,5.51,3.31,0,0
675,Alex Laferriere,L.A,R,15,185.45,12.36333333,0.65,0,0,0,0.65,40,5.18,12.5,0.72,14.88,10.68,9.06,3.56,0,1.62,2.59,1.29,1.29,0,0,0.32,0,0.65,10.03,7.12,1.62,0.32,0.32
86,Brian Dumoulin,SEA,D,15,277.2,18.48,0.43,0.22,0,0.22,0.65,42.86,3.03,14.29,0.2,9.96,5.63,2.81,0,0,0.43,0,0,0,0,0,0,0.87,0.87,2.38,5.19,2.81,0,0
576,Rafael Harvey-Pinard,MTL,L,15,183.9833333,12.26555556,0.33,0.33,0.33,0,0.65,40,1.3,25,0.22,3.26,1.96,2.61,1.96,0.33,0.65,0,0,0,0,0,0.65,0.98,0.33,5.87,5.22,4.57,0.33,1.63
643,Braden Schneider,NYR,D,15,281.9333333,18.79555556,0.21,0.43,0.21,0.21,0.64,20,5.11,4.17,0.25,10.85,7.24,2.77,0.85,0.21,1.06,0.85,0.43,0.43,0,0,0.21,2.77,0.64,8.3,10.64,6.38,0,0
466,Mikey Anderson,L.A,D,15,289.75,19.31666667,0.21,0.41,0.21,0.21,0.62,25,3.11,6.67,0.09,6.01,4.14,1.66,0,0.41,0.21,0.83,0.41,0.41,0,0,0.62,1.45,0,6.21,6.83,4.56,0,0
208,Josh Anderson,MTL,R,15,211.8333333,14.12222222,0.28,0.28,0.28,0,0.57,40,5.95,4.76,0.69,13.6,9.63,7.65,4.25,0.28,0.57,1.7,0.85,0.85,0,0,0.28,1.13,0.28,9.06,3.4,2.55,0.28,0.28
320,Victor Olofsson,BUF,L,11,107.3666667,9.760606061,0.56,0,0,0,0.56,50,7.82,7.14,0.59,12.29,10.62,5.59,1.68,0,1.12,0,0,0,0,0,1.12,1.68,1.68,2.79,3.91,0.56,0,0
550,Adam Ginning,PHI,D,8,109.1666667,13.64583333,0.55,0,0,0,0.55,25,3.3,16.67,0.07,7.69,4.4,1.1,0,0,0.55,0,0,0,0,0,0,3.3,0.55,7.15,4.95,4.4,0,0
218,Dominik Kubalik,OTT,L,11,112.9333333,10.26666667,0.53,0,0,0,0.53,50,7.44,7.14,0.67,12.22,10.09,5.31,2.66,1.59,0.53,0,0,0,0,0,0.53,0,2.13,6.91,3.19,1.59,0.53,2.13
385,Ryan Shea,PIT,D,9,117.2,13.02222222,0.51,0,0,0,0.51,14.29,2.05,25,0.05,4.1,2.56,1.02,0,0,0,0,0,0,0,0,0,1.02,1.54,4.1,6.66,5.12,0,0
191,Colton Parayko,STL,D,15,362.65,24.17666667,0.17,0.33,0,0.33,0.5,23.08,3.97,4.17,0.19,8.27,6.12,2.15,0.5,0.66,0.17,0.83,0.17,0,0.17,0,0.17,1.82,2.48,3.31,3.14,6.45,0,0
266,Ross Johnston,ANA,L,14,122.1666667,8.726190476,0.49,0,0,0,0.49,50,3.44,14.29,0.32,4.91,3.44,4.42,2.46,0.49,0,5.4,1.96,1.47,0.49,0,0.98,1.96,0.98,20.14,5.4,1.47,0.49,0.49
658,Justin Barron,MTL,D,7,123.7,17.67142857,0.49,0,0,0,0.49,20,4.37,11.11,0.36,9.7,5.82,4.37,0.49,0,0.49,0,0,0,0,0,0,2.43,0.97,4.37,9.22,3.88,0,0
535,Filip Zadina,S.J,R,10,128.1666667,12.81666667,0.47,0,0,0,0.47,100,8.43,5.56,0.7,15.45,10.77,9.36,4.21,0,2.34,0,0,0,0,0,0.94,1.4,1.87,3.75,3.28,0.94,0,1.4
383,Will Borgen,SEA,D,15,260.8666667,17.39111111,0.23,0.23,0.23,0,0.46,22.22,5.98,3.85,0.15,14.49,8.05,2.07,0,0.23,0.23,2.07,0.69,0.46,0.23,0,0.69,1.15,0.46,6.21,5.29,5.06,0,0
98,Brenden Dillon,WPG,D,14,268.7333333,19.1952381,0.22,0.22,0.22,0,0.45,22.22,3.35,6.67,0.11,8.26,5.36,2.9,0.45,0.45,0.89,2.46,0.89,0.67,0.22,0,0.45,0.67,0,10.72,4.91,5.58,0,0
210,Ben Hutton,VGK,D,9,149.6666667,16.62962963,0.4,0,0,0,0.4,11.11,6.82,5.88,0.19,12.03,7.22,2.41,0.4,0,0,0,0,0,0,0,0.4,1.2,0.4,1.6,8.02,3.61,0,0
684,Artem Zub,OTT,D,15,317.5,21.16666667,0.38,0,0,0,0.38,22.22,3.59,10.53,0.31,8.69,6.24,2.08,0.38,0.38,0.57,1.89,0.94,0.94,0,0,0,1.13,0,4.35,4.16,4.72,0,0
169,Luke Glendening,T.B,C,14,162.1666667,11.58333333,0.37,0,0,0,0.37,100,3.7,10,0.47,7.03,5.92,5.55,2.96,0.74,0.37,2.22,1.11,1.11,0,0,0,0.37,1.11,8.14,10.73,2.22,32.56,25.53
175,Brendan Gaunce,CBJ,C,13,163.45,12.57307692,0.37,0,0,0,0.37,50,4.41,8.33,0.5,9.91,6.97,5.87,2.57,0.73,1.1,0.73,0.37,0.37,0,0,0,0.37,2.57,10.28,0,2.2,24.59,19.46
382,Kevin Stenlund,FLA,C,15,187.2333333,12.48222222,0.32,0,0,0,0.32,100,4.81,6.67,0.48,8.33,6.73,3.53,1.6,0.32,0.64,1.92,0.96,0.96,0,0,0.32,1.6,3.53,6.41,8.33,5.13,18.27,24.35
641,Cole Smith,NSH,L,14,196.6833333,14.04880952,0.31,0,0,0,0.31,20,6.1,5,0.52,10.68,7.02,7.93,3.97,0.31,1.83,2.14,0.61,0.31,0.31,0,0.61,0.92,1.22,9.76,7.93,1.22,0,0.31
628,Aliaksei Protas,WSH,C,13,201.2333333,15.47948718,0.3,0,0,0,0.3,16.67,6.86,4.35,1.01,12.82,10.14,7.45,4.47,0.3,1.49,0.6,0.3,0.3,0,0,0,1.79,1.79,2.98,6.86,2.98,0.3,0.3
713,Simon Edvinsson,DET,D,14,262.8,18.77142857,0.23,0,0,0,0.23,9.09,2.74,8.33,0.15,8.9,5.02,2.51,0.46,0.46,0.23,0.46,0.23,0.23,0,0,0.46,2.05,0.46,5.25,8.45,5.71,0,0
219,Kyle Burroughs,S.J,D,15,289.6666667,19.31111111,0.21,0,0,0,0.21,12.5,4.14,5,0.13,9.11,6.01,2.07,0,0,1.04,1.66,0.83,0.83,0,0,0.41,2.07,1.24,10.77,4.35,5.18,0,0
694,J.J. Moser,ARI,D,15,293.5666667,19.57111111,0.2,0,0,0,0.2,6.67,2.45,8.33,0.19,6.95,3.88,2.86,0.82,0.2,0.2,2.45,1.23,1.23,0,0,0.2,1.02,0.82,3.07,7.15,3.68,0,0